RSOInterestsId,RSOname,RSOInterest1,RSOInterest2,RSOInterest3
1,4 Paws for Ability at the University of Illinois Urbana-Champaign,Community Service & Philanthropy,Education,Pedagogy & Instruction
2,4-H House Cooperative Sorority,Agricultural,Community Service & Philanthropy,Social & Leisure
3,A Space,Identity & Culture,Social & Leisure,NA
4,Acacia Fraternity,Social & Leisure,Social Fraternities & Sororities,NA
5,Academic Buzzer Team: A Quiz Bowl Organization,Social & Leisure,NA,NA
6,Accounting Club,Business,NA,NA
7,ACHA Men’s Division II Hockey Club at the University of Illinois Urbana-Champaign,Athletic & Recreation,NA,NA
8,Acoustics at the University of Illinois,Performance Arts,Social & Behavioral Sciences,Technology
9,ACS Polymer and Polymer Materials Science and Engineering Divisions UIUC Student Chapter,Technology,Engineering & Mathematics,NA
10,ActGreen,Business,Environmental & Sustainability,NA
11,Action Against Hunger at the University of Illinois at Urbana-Champaign,Community Service & Philanthropy,NA,NA
12,Acts Campus Ministry at UIUC,Faith,Religion & Spirituality,NA
13,Actually Neurodivergent,Advocacy & Activism,Identity & Culture,Social & Leisure
14,Actuarial Science Club,Business,Technology,Engineering & Mathematics
15,Adaptive Abilities,Advocacy & Activism,Community Service & Philanthropy,Health & Wellness
16,Adventure Club,Social & Leisure,NA,NA
17,Aerial Illinois Robotics,Business,Education,Pedagogy & Instruction
18,Aerospace Engineering Graduate Student Advisory Committee,Advocacy & Activism,Technology,Engineering & Mathematics
19,African Cultural Association,Identity & Culture,NA,NA
20,African Students Organization,Advocacy & Activism,Education,Pedagogy & Instruction
21,Afrique Dance Ensemble,Health & Wellness,Identity & Culture,Performance Arts
22,Agricultural and Consumer Economics - Graduate Student Organization,Agricultural,NA,NA
23,Airsoft at Illinois,Athletic & Recreation,NA,NA
24,Albanian Student Association,Identity & Culture,NA,NA
25,Algebraic Geometry and Topology Club,Technology,Engineering & Mathematics,NA
26,ALPFA Illinois,Business,Identity & Culture,NA
27,Alpha Chi Omega,Social & Leisure,Social Fraternities & Sororities,NA
28,Alpha Chi Sigma,Life & Physical Sciences,NA,NA
29,Alpha Delta Phi Fraternity,Social & Leisure,Social Fraternities & Sororities,NA
30,Alpha Delta Pi,Social Fraternities & Sororities,NA,NA
31,Alpha Epsilon Delta Pre-Health Society,Health & Wellness,NA,NA
32,Alpha Epsilon Phi Sorority,Social & Leisure,Social Fraternities & Sororities,NA
33,Alpha Epsilon Pi,Community Service & Philanthropy,Social & Leisure,Social Fraternities & Sororities
34,Alpha Gamma Delta,Social & Leisure,Social Fraternities & Sororities,NA
35,Alpha Investment Management Partners,Business,Information & Data Sciences,Technology
36,"Alpha Kappa Alpha Sorority, Incorporated. Gamma Chapter",Advocacy & Activism,Business,Community Service & Philanthropy
37,Alpha Kappa Delta Phi,Advocacy & Activism,Community Service & Philanthropy,Identity & Culture
38,Alpha Kappa Psi Professional Business Fraternity,Business,NA,NA
39,Alpha Omega Campus Ministry,Faith,Religion & Spirituality,NA
40,Alpha Omega Epsilon Engineering Sorority,Social Fraternities & Sororities,Technology,Engineering & Mathematics
41,Alpha Omicron Pi,Social & Leisure,Social Fraternities & Sororities,NA
42,"Alpha Phi Alpha Fraternity, Incorporated",Social & Leisure,Social Fraternities & Sororities,NA
43,"Alpha Phi Gamma National Sorority, Inc.",Social & Leisure,Social Fraternities & Sororities,~ Affiliation: Asian American Cultural Center (AACC)
44,Alpha Phi International Sorority,Community Service & Philanthropy,Social Fraternities & Sororities,NA
45,Alpha Phi Omega,Advocacy & Activism,Community Service & Philanthropy,Environmental & Sustainability
46,"Alpha Pi Sigma Sorority, Incorporated. - Xi Chapter",Community Service & Philanthropy,Identity & Culture,Social & Leisure
47,Alpha Psi Lambda,Identity & Culture,Social & Leisure,Social Fraternities & Sororities
48,Alpha Rho Chi,Technology,Engineering & Mathematics,NA
49,"Alpha Sigma Omega Latina Sorority, Inc.",Social Fraternities & Sororities,NA,NA
50,Alpha Sigma Phi Fraternity,Advocacy & Activism,Community Service & Philanthropy,Health & Wellness
51,Alpha Tau Alpha slash Ag Ed Club,Agricultural,Education,Pedagogy & Instruction
52,Alpha Tau Omega: Gamma Zeta,Social & Leisure,Social Fraternities & Sororities,NA
53,Alpha Xi Delta,Community Service & Philanthropy,Social & Leisure,NA
54,Alpha Zeta Morrow,Agricultural,Honorary,NA
55,Also Known As Improv ( AKA Improv ),Performance Arts,Social & Leisure,NA
56,Altgeld Ringers,Education,Pedagogy & Instruction,Performance Arts
57,Alzheimer’s Disease and Dementia Alliance,Advocacy & Activism,Community Service & Philanthropy,Education
58,Amateur Artists of Illustration,Media Arts,Social & Leisure,NA
59,American Advertising Federation at the University of Illinois,Business,Honorary,Information & Data Sciences
60,American Association for Aerosol Research at UIUC,Environmental & Sustainability,Technology,Engineering & Mathematics
61,"American Association of Zoo Veterinarians, Illinois Student Chapter",Veterinary,NA,NA
62,American Cancer Society On Campus,Community Service & Philanthropy,NA,NA
63,American Chemical Society,Life & Physical Sciences,NA,NA
64,American Choral Directors Association University of Illinois Student Chapter,Education,Pedagogy & Instruction,Performance Arts
65,American Concrete Institute,Education,Pedagogy & Instruction,NA
66,American Constitution Society,Law,NA,NA
67,"American Fisheries Society, U of I Student Subunit",Environmental & Sustainability,Life & Physical Sciences,NA
68,American Indian Science and Engineering Society,Environmental & Sustainability,Identity & Culture,Technology
69,American Institute of Aeronautics and Astronautics Student Branch,Environmental & Sustainability,Technology,Engineering & Mathematics
70,American Institute of Architecture Students,Advocacy & Activism,Community Service & Philanthropy,Social & Leisure
71,American Institute of Chemical Engineers,Technology,Engineering & Mathematics,NA
72,"American Library Association Student Chapter at the University of Illinois, Urbana-Champaign",Information & Data Sciences,NA,NA
73,American Marketing Association,Business,NA,NA
74,American Mathematical Society Graduate Chapter,Community Service & Philanthropy,Education,Pedagogy & Instruction
75,American Medical Student Association Pre-Med,Community Service & Philanthropy,Health & Wellness,NA
76,American Medical Women’s Association at UIUC,Health & Wellness,NA,NA
77,"American Nuclear Society, University of Illinois Student Section",Education,Pedagogy & Instruction,Environmental & Sustainability
78,American Railway Engineering and Maintenance-of-Way Association Student Chapter at UIUC,Technology,Engineering & Mathematics,NA
79,American Red Cross Club at the University of Illinois at Urbana Champaign,Community Service & Philanthropy,NA,NA
80,American Sign Language and Deaf Culture Club,Identity & Culture,NA,NA
81,American Society for Biochemistry and Molecular Biology Student Chapter at UIUC,Life & Physical Sciences,NA,NA
82,American Society of Agricultural and Biological Engineers,Agricultural,Environmental & Sustainability,Technology
83,American Society of Civil Engineers,Environmental & Sustainability,Technology,Engineering & Mathematics
84,American Society of Mechanical Engineers,Education,Pedagogy & Instruction,Technology
85,"American Society of the Heating, Refrigeration and Air-Conditioning Engineers",Environmental & Sustainability,Technology,Engineering & Mathematics
86,Amnesty International 124,Advocacy & Activism,Community Service & Philanthropy,International
87,Among Us Club,Advocacy & Activism,NA,NA
88,Animal Welfare Club - Undergraduate Chapter,NA,NA,NA
89,Arab American Association of Engineers and Architects,Honorary,Identity & Culture,Technology
90,Arab Student Association,Identity & Culture,NA,NA
91,Arabic Debate Student Association,Education,Pedagogy & Instruction,International
92,Archery Club,Athletic & Recreation,NA,NA
93,Armenian Students’ Cultural Association,Identity & Culture,Social & Leisure,NA
94,Army ROTC Cadet Council,Veteran & Military Connected,NA,NA
95,Arnold Air Society - Jake Schaefer Squadron,Community Service & Philanthropy,Honorary,Veteran & Military Connected
96,Arpeggia,Advocacy & Activism,Business,Community Service & Philanthropy
97,Art Ed Student Organization,Education,Pedagogy & Instruction,NA
98,Ascend UIUC Chapter,Business,NA,NA
99,Asha for Education: Urbana-Champaign,Community Service & Philanthropy,~ Affiliation: Asian American Cultural Center (AACC),NA
100,Asian American Association,Identity & Culture,Social & Leisure,~ Affiliation: Asian American Cultural Center (AACC)
101,"Asian American Coalition Combating Oppression, Racism, and Discrimination",Advocacy & Activism,~ Affiliation: Asian American Cultural Center (AACC),NA
102,Asian Law Students Association,Law,NA,NA
103,Asian Pacific American Medical Student Association,Health & Wellness,NA,NA
104,Asian Pre-Law Association,Advocacy & Activism,Education,Pedagogy & Instruction
105,Association for Computing Machinery,Information & Data Sciences,Technology,Engineering & Mathematics
106,Association for Quantitative Trading Education,Business,Information & Data Sciences,Technology
107,Association of Food Technologists,Agricultural,Business,Education
108,Association of Minorities in Political Science,Ideology & Politics,Social & Leisure,NA
109,Association of Minority Mental Health Practitioners,Health & Wellness,Identity & Culture,Social & Behavioral Sciences
110,Association of The Liberal Arts and Sciences,International,Life & Physical Sciences,Social & Behavioral Sciences
111,Astrobiology Club,Life & Physical Sciences,NA,NA
112,Astronomical Society at the University of Illinois at Urbana-Champaign,Life & Physical Sciences,Social & Leisure,NA
113,AWS Cloud Club - UIUC,Information & Data Sciences,Technology,Engineering & Mathematics
114,AxisMED,Health & Wellness,Technology,Engineering & Mathematics
115,Azerbaijan Student Association at UIUC,Identity & Culture,International,NA
116,Badmaash Company,Identity & Culture,International,Performance Arts
117,Badminton For Fun,Athletic & Recreation,NA,NA
118,Ballet Folklorico Mitotiani,Performance Arts,NA,NA
119,Balloon Design at Illinois,Social & Leisure,NA,NA
120,Baltic Club,NA,NA,NA
121,Bangladeshi Students Association,International,NA,NA
122,Bankruptcy Law Society,Law,NA,NA
123,Baptist Campus Ministries,Faith,Religion & Spirituality,NA
124,Baptist Chinese Campus Ministries,Faith,Religion & Spirituality,NA
125,Bar None,Law,NA,NA
126,Beekeeping Club at UIUC,Advocacy & Activism,Environmental & Sustainability,NA
127,Bengali Students Organization ( UIUC ) - Abol Tabol,Identity & Culture,NA,NA
128,Best Buddies International,Advocacy & Activism,Community Service & Philanthropy,Social & Leisure
129,Beta Alpha Psi,Business,NA,NA
130,"Beta Chi Theta Fraternity, Inc.",Social & Leisure,Social Fraternities & Sororities,NA
131,Beta Psi Omega,Life & Physical Sciences,NA,NA
132,Beta Sigma Psi,Community Service & Philanthropy,Faith,Religion & Spirituality
133,Beta Theta Pi Fraternity,Social & Leisure,Social Fraternities & Sororities,NA
134,Bilingual Organization for SHS Students,Advocacy & Activism,Education,Pedagogy & Instruction
135,Biomedical Engineering Journal CLub,Technology,Engineering & Mathematics,NA
136,Biomedical Engineering Society,Technology,Engineering & Mathematics,NA
137,Bioscience Journal Club,Life & Physical Sciences,NA,NA
138,Black Association of Psychology Students,Health & Wellness,Identity & Culture,Social & Behavioral Sciences
139,Black Business Network,Business,NA,NA
140,Black Chorus at the University of Illinois,Identity & Culture,Performance Arts,NA
141,Black Graduate Student Association,Identity & Culture,NA,NA
142,Black Greek Council,Advocacy & Activism,Community Service & Philanthropy,Identity & Culture
143,Black Law Students Association,Law,NA,NA
144,Black Muslim Association,Advocacy & Activism,Faith,Religion & Spirituality
145,Black Queer Collective at UIUC,Advocacy & Activism,Identity & Culture,Social & Leisure
146,"Black, Indigenous, and Latinx in Tech - B [ U ] ILT",Technology,Engineering & Mathematics,NA
147,BLNKD,Media Arts,NA,NA
148,Blood Club,Community Service & Philanthropy,Health & Wellness,NA
149,Brain Matters,Health & Wellness,Life & Physical Sciences,Media Arts
150,Brave New Midnight,Social & Leisure,NA,NA
151,Bridges International,Faith,Religion & Spirituality,Identity & Culture
152,BuildIllinois,Technology,Engineering & Mathematics,NA
153,Building Research Insights and Developing General Education,Community Service & Philanthropy,Education,Pedagogy & Instruction
154,Burden Shifters: The University of Illinois College of Law Strength and Conditioning Club,Athletic & Recreation,Health & Wellness,Law
155,Business Council,Business,NA,NA
156,C-U Cinefile,Media Arts,NA,NA
157,Caer Gwyn,Social & Leisure,NA,NA
158,Calisthenics Club,Athletic & Recreation,NA,NA
159,Camp Kesem at University of Illinois,Community Service & Philanthropy,NA,NA
160,Campus Sanskrit Network,Faith,Religion & Spirituality,Identity & Culture
161,Campus Union for Trans Equality and Support,Advocacy & Activism,Identity & Culture,NA
162,Cancer Center at Illinois Student Organization,Advocacy & Activism,Community Service & Philanthropy,Health & Wellness
163,"Cancer Health Advocacy, Research, and Mentorship at UIUC",Life & Physical Sciences,Health & Human Sciences,NA
164,Capoeira Club at UIUC,Advocacy & Activism,Athletic & Recreation,Health & Wellness
165,Caring Companions Initiative,Community Service & Philanthropy,NA,NA
166,Catholic Illini Association,Faith,Religion & Spirituality,International
167,Catholic Relief Services at the University of Illinois,Advocacy & Activism,Agricultural,Community Service & Philanthropy
168,Central American Student Association,Identity & Culture,NA,NA
169,Central Asian Association,Community Service & Philanthropy,Identity & Culture,International
170,Cereal Enthusiasts Society,Community Service & Philanthropy,Social & Leisure,NA
171,Chabad Jewish Student Association,Community Service & Philanthropy,Faith,Religion & Spirituality
172,Chai Town,Performance Arts,NA,NA
173,Champaign-Urbana Business and Engineering Consulting,Business,Education,Pedagogy & Instruction
174,Champaign-Urbana Trickers,Athletic & Recreation,Social & Leisure,NA
175,Change Ringers of Urbana-Champaign,Performance Arts,NA,NA
176,Character Creation Hub,Media Arts,Social & Leisure,NA
177,Charity: Water University of Illinois,Advocacy & Activism,Health & Human Sciences,NA
178,Cheese Club At UIUC,Identity & Culture,Social & Leisure,NA
179,Chi Epsilon Civil Engineering Honor Society,Honorary,Technology,Engineering & Mathematics
180,Chi Omega,Community Service & Philanthropy,Social & Leisure,Social Fraternities & Sororities
181,Chi Psi Fraternity,Social & Leisure,NA,NA
182,"Chi Sigma Tau National Fraternity, Inc.",Community Service & Philanthropy,Identity & Culture,Social & Leisure
183,Child Life Association,Community Service & Philanthropy,NA,NA
184,Chinese Business Student Association,Business,International,Social & Leisure
185,Chinese Engineering Students Association ( CESA ),Identity & Culture,International,Social & Leisure
186,Chinese Language Association for International Development,Identity & Culture,International,Performance Arts
187,Chinese Students and Scholars Association,~ Affiliation: Asian American Cultural Center (AACC),NA,NA
188,Chinese Theatre Group,Performance Arts,NA,NA
189,CHOOM,Athletic & Recreation,NA,NA
190,Christ Community,Faith,Religion & Spirituality,NA
191,Christian Law Students Association,Faith,Religion & Spirituality,NA
192,Christian Literature Club,Faith,Religion & Spirituality,NA
193,Christians on Campus,Faith,Religion & Spirituality,NA
194,Circassian Benevolent Student Association,Identity & Culture,NA,NA
195,Circle K International-UIUC Chapter,Community Service & Philanthropy,NA,NA
196,Circular Fashion Expo ( CFE ),Environmental & Sustainability,Media Arts,NA
197,Climate and Meteorological Association of Students,Social & Leisure,NA,NA
198,Climbing Club at UIUC,Athletic & Recreation,Club Sports,NA
199,Club Insecta,Community Service & Philanthropy,Education,Pedagogy & Instruction
200,Club Pickleball at the University of Illinois,Athletic & Recreation,Club Sports,NA
201,Club Tennis,Athletic & Recreation,NA,NA
202,Clubs Communities,Business,Social & Leisure,NA
203,Codable,Information & Data Sciences,International,Technology
204,CodeCat,Community Service & Philanthropy,Education,Pedagogy & Instruction
205,CodeRed,Advocacy & Activism,Community Service & Philanthropy,~ Affiliation: Women's Resources Center (WRC)
206,College of Law Labor and Employment Law Society at the University of Illinois,Advocacy & Activism,Law,NA
207,College of Nursing at Urbana Urban Health Program,Life & Physical Sciences,NA,NA
208,College of Nursing Student Council at UIC Urbana,Advocacy & Activism,Education,Pedagogy & Instruction
209,College Republicans at UIUC,Ideology & Politics,NA,NA
210,Collegiate 4-H,Community Service & Philanthropy,NA,NA
211,Collegiate Academy,Community Service & Philanthropy,Law,Technology
212,Combat Robotics,NA,NA,NA
213,Competitive Super Smash Bros. Club,Social & Leisure,NA,NA
214,Competitive Taekwondo Club,Athletic & Recreation,NA,NA
215,Conch Shell Mental Support,Health & Wellness,International,~ Affiliation: Asian American Cultural Center (AACC)
216,Concrete Canoe at UIUC,Technology,Engineering & Mathematics,NA
217,Coptic Orthodox Christian Fellowship,Faith,Religion & Spirituality,NA
218,Cornerstone Christian Student Fellowship,Faith,Religion & Spirituality,NA
219,CornTV,Media Arts,NA,NA
220,Corporate and Business Law Association,Law,NA,NA
221,Cosmetic Chemistry Club,Life & Physical Sciences,NA,NA
222,Cosplay Design League,Media Arts,Social & Leisure,NA
223,Covenant Fellowship,Faith,Religion & Spirituality,NA
224,Cover 2 Cover,Community Service & Philanthropy,Education,Pedagogy & Instruction
225,Creative Writing Club,Media Arts,NA,NA
226,Creators of Color Association,Identity & Culture,Media Arts,Performance Arts
227,Cricket Club of Illinois,Athletic & Recreation,Club Sports,NA
228,Criminal Law Society,Law,NA,NA
229,Crisis Nursery Student Initiative,Advocacy & Activism,Community Service & Philanthropy,Health & Wellness
230,Crop Sciences Graduate Student Organization,Agricultural,Social & Leisure,NA
231,Cross Country Club,Athletic & Recreation,NA,NA
232,Crossway,Faith,Religion & Spirituality,NA
233,Cru,Faith,Religion & Spirituality,NA
234,Crumbl Club,Social & Leisure,NA,NA
235,CSC,Athletic & Recreation,NA,NA
236,Dance2XS at UIUC,Athletic & Recreation,NA,NA
237,Dance2XS Caliente,Performance Arts,NA,NA
238,Dancing Illini,Social & Leisure,NA,NA
239,Data Science and Artificial Intelligence Society,Technology,Engineering & Mathematics,NA
240,DDRIllini,Athletic & Recreation,NA,NA
241,Deckonomics,Social & Behavioral Sciences,NA,NA
242,DeepRanjani UIUC Chapter,Advocacy & Activism,Health & Wellness,Social & Behavioral Sciences
243,Delta Chi Fraternity,Community Service & Philanthropy,Social & Leisure,Social Fraternities & Sororities
244,Delta Delta Delta Sorority,Community Service & Philanthropy,Social Fraternities & Sororities,NA
245,Delta Delta Sigma,Advocacy & Activism,Community Service & Philanthropy,Education
246,Delta Gamma Sorority,Community Service & Philanthropy,Social Fraternities & Sororities,NA
247,"Delta Kappa Delta Sorority, Inc.",Community Service & Philanthropy,Social Fraternities & Sororities,NA
248,"Delta Phi Omega Sorority, Inc.",Community Service & Philanthropy,Identity & Culture,Social Fraternities & Sororities
249,"Delta Sigma Theta Sorority, Inc Alpha Nu Chapter",Community Service & Philanthropy,Social Fraternities & Sororities,NA
250,Delta Upsilon,Community Service & Philanthropy,Social & Leisure,NA
251,Delta Zeta,Community Service & Philanthropy,Social & Leisure,Social Fraternities & Sororities
252,Department of Chemical and Biomolecular Engineering Graduate Student Advisory Council University of Illinois at Urbana Champaign,Technology,Engineering & Mathematics,NA
253,Department of Student Engagement,NA,NA,NA
254,Design Build Fly,Technology,Engineering & Mathematics,NA
255,Design For America at UIUC,Community Service & Philanthropy,Information & Data Sciences,NA
256,Design Innovation Illinois,Information & Data Sciences,Media Arts,NA
257,Design Movement,Faith,Religion & Spirituality,Identity & Culture
258,Destino,Faith,Religion & Spirituality,Identity & Culture
259,Deutschklub at Illinois,Identity & Culture,International,Social & Leisure
260,Dheem,Athletic & Recreation,Identity & Culture,Performance Arts
261,Disabilities United in Urbana-Champaign,Advocacy & Activism,Community Service & Philanthropy,Education
262,Disability Law Society,Advocacy & Activism,Identity & Culture,Law
263,Divergence 2% Laboratory,Business,Technology,Engineering & Mathematics
264,Diverse Curlz,Identity & Culture,NA,NA
265,Divine Youth Associates,Faith,Religion & Spirituality,NA
266,DIY Illini,Education,Pedagogy & Instruction,Technology
267,Doctors Without Borders at The University of Illinois Urbana-Champaign,Health & Wellness,NA,NA
268,Documentary Club at UIUC,Identity & Culture,Media Arts,Social & Leisure
269,Double Helix Digest,Life & Physical Sciences,NA,NA
270,DYP ( Do Your Part ),Advocacy & Activism,Community Service & Philanthropy,Faith
271,E-Somniacs,Athletic & Recreation,Social & Leisure,Technology
272,Earthquake Engineering Research Institute,International,Technology,Engineering & Mathematics
273,East African Community Club,Identity & Culture,NA,NA
274,Eastern European Illini,Identity & Culture,NA,NA
275,Ecclesia,Faith,Religion & Spirituality,NA
276,Eco Illini Supermileage,Environmental & Sustainability,Technology,Engineering & Mathematics
277,Economics Club,Education,Pedagogy & Instruction,NA
278,Economics Graduate Student Organization,Education,Pedagogy & Instruction,NA
279,Economics Tournament at the University of Illinois,Education,Pedagogy & Instruction,NA
280,Ecuadorian Student Association,Identity & Culture,Social & Leisure,NA
281,Education And Training For Health,Advocacy & Activism,Community Service & Philanthropy,NA
282,Effective Altruism Chapter at University of Illinois Urbana-Champaign,Advocacy & Activism,Community Service & Philanthropy,Environmental & Sustainability
283,Egyptian Student Association,Identity & Culture,NA,NA
284,Electric Propulsion Initiative,Technology,Engineering & Mathematics,NA
285,Electronic Music Club,Education,Pedagogy & Instruction,International
286,Elevate Campus Ministry,Faith,Religion & Spirituality,NA
287,Elohist Bible Study Club,Community Service & Philanthropy,Faith,Religion & Spirituality
288,Emergency Management at UIUC,Community Service & Philanthropy,Education,Pedagogy & Instruction
289,Empowering Minorities and Building Representation Across Civil and Environmental Engineering ( EMBRACE ),Environmental & Sustainability,Technology,Engineering & Mathematics
290,Enactus,Advocacy & Activism,Community Service & Philanthropy,Education
291,Energy and Environmental Law Society,Identity & Culture,NA,NA
292,Engineering Council,Community Service & Philanthropy,Social & Leisure,Technology
293,Engineering Outreach Society,Community Service & Philanthropy,Education,Pedagogy & Instruction
294,Engineering Student Alumni Ambassadors,Technology,Engineering & Mathematics,NA
295,Engineers in Action Bridge Program,Community Service & Philanthropy,Technology,Engineering & Mathematics
296,"Engineers Without Borders, UIUC Chapter",Community Service & Philanthropy,Environmental & Sustainability,International
297,English Corner,Identity & Culture,NA,NA
298,English Student Association,NA,NA,NA
299,Epsilon Delta Professional Teaching Organization,NA,NA,NA
300,Equity Research Association,Business,NA,NA
301,Esperanto @ UIUC,Identity & Culture,Ideology & Politics,International
302,Eta Kappa Nu Electrical and Computer Engineering Society,Community Service & Philanthropy,Education,Pedagogy & Instruction
303,Euchre League,Social & Leisure,NA,NA
304,Evangelical Christian Union,Faith,Religion & Spirituality,NA
305,Evexía,Health & Wellness,Law,Social & Leisure
306,Exploration Robotics at University of Illinois,Technology,Engineering & Mathematics,NA
307,FACES Consulting,Business,NA,NA
308,Falling Illini Skydiving,Athletic & Recreation,NA,NA
309,FarmHouse Fraternity,Agricultural,Community Service & Philanthropy,Social & Leisure
310,Federalist Society for Law and Public Policy Studies,Social & Leisure,NA,NA
311,Fencing Illini,Athletic & Recreation,NA,NA
312,Field and Furrow Agronomy Club,Agricultural,NA,NA
313,FIFA 25 Soccer Club @UIUC,NA,NA,NA
314,Film Score Orchestra ( FSO ),Performance Arts,NA,NA
315,Film Scoring at UIUC,Media Arts,NA,NA
316,Financial Audit Club,Business,NA,NA
317,Financial Engineering Club,Business,Information & Data Sciences,Technology
318,FinTech Student Society,Business,Technology,Engineering & Mathematics
319,Fizaa,Identity & Culture,NA,NA
320,Flashpoint Photography Club,Media Arts,Social & Leisure,NA
321,Flippin’ Illini Gymnastics Club,Athletic & Recreation,Club Sports,NA
322,Floor Lovers Illinois,Athletic & Recreation,Performance Arts,NA
323,Flying Illini Booster Club,Veteran & Military Connected,NA,NA
324,Food Science and Human Nutrition Graduate Student Association,Agricultural,NA,NA
325,Forging Unity Solidarity and Equity for QTPOC,Identity & Culture,NA,NA
326,Formosa Volleyball Enthusiasts,Athletic & Recreation,Identity & Culture,NA
327,Foundation for International Medical Relief of Children - UIUC Chapter,Community Service & Philanthropy,Health & Wellness,NA
328,Founders - Illinois Entrepreneurs,Advocacy & Activism,Business,Community Service & Philanthropy
329,French Club,Identity & Culture,International,NA
330,Fulbright Student Association,Identity & Culture,International,Social & Leisure
331,Future Health Care Executives,Business,NA,NA
332,Future Leaders of STEM,Advocacy & Activism,Community Service & Philanthropy,Technology
333,Futures and Options Society ( FOS ),Business,NA,NA
334,Gaga Ball Club,Athletic & Recreation,Social & Leisure,NA
335,Gah Rahk Mah Dahng,Advocacy & Activism,Identity & Culture,Performance Arts
336,Game Night,Social & Leisure,NA,NA
337,Game Theory Optimal Illini,Social & Leisure,Technology,Engineering & Mathematics
338,Gamma Iota Sigma,Education,Pedagogy & Instruction,NA
339,Gamma Phi Beta Sorority,Community Service & Philanthropy,Social & Leisure,Social Fraternities & Sororities
340,"Gamma Phi Omega International Sorority, Inc.",Identity & Culture,Social & Leisure,Social Fraternities & Sororities
341,Gargoyles Honors Society,Honorary,NA,NA
342,Gastro Health Foundation at UIUC,Advocacy & Activism,NA,NA
343,Gender and Sexuality Resource Center ( GSRC ),NA,NA,NA
344,Gender and Women’s Studies RSO,Identity & Culture,Social & Leisure,~ Affiliation: Women's Resources Center (WRC)
345,GeoClub,Environmental & Sustainability,Life & Physical Sciences,Social & Leisure
346,Geography Graduate Student Association,Environmental & Sustainability,Information & Data Sciences,Life & Physical Sciences
347,Geometry Lab Undergrad Outreach,NA,NA,NA
348,Geotechnical Engineering Student Organization,Technology,Engineering & Mathematics,NA
349,Ghost Electric Motorcycles,Technology,Engineering & Mathematics,NA
350,Ghungroo Dance Company,Identity & Culture,Performance Arts,NA
351,Gies Capital Association,Business,Education,Pedagogy & Instruction
352,Gift of Life UIUC,Health & Wellness,NA,NA
353,Girl Gains at UIUC,Athletic & Recreation,Health & Wellness,Social & Leisure
354,Girl Up UIUC,Advocacy & Activism,NA,NA
355,Girls Next Door A Cappella,Performance Arts,Social & Leisure,NA
356,Girls Who Code UIUC College Loop,Technology,Engineering & Mathematics,NA
357,GLAM Squad,NA,NA,NA
358,Glide to Growth,Advocacy & Activism,Athletic & Recreation,Health & Wellness
359,Global Empowerment for Women’s Medical Support,Advocacy & Activism,Community Service & Philanthropy,Health & Wellness
360,Global Engineering Brigade ( GEB ),Community Service & Philanthropy,Environmental & Sustainability,Technology
361,Global Medical Missions Alliance,Community Service & Philanthropy,Faith,Religion & Spirituality
362,Global Medical Training,Community Service & Philanthropy,Health & Wellness,NA
363,Global Review at Illinois,Education,Pedagogy & Instruction,Environmental & Sustainability
364,Glory Nation Prayer City,Faith,Religion & Spirituality,NA
365,Go Club @ UIUC,Identity & Culture,NA,NA
366,Golden Apple - Illini,Education,Pedagogy & Instruction,NA
367,Good Athlete Project - UIUC,Community Service & Philanthropy,NA,NA
368,Gospel Fellowship,Faith,Religion & Spirituality,NA
369,Graduate Biomedical Engineering Society,Technology,Engineering & Mathematics,NA
370,Graduate Employees’ Organization,Advocacy & Activism,NA,NA
371,"Graduate Organization of, for and by Latine Students",Advocacy & Activism,Community Service & Philanthropy,Identity & Culture
372,Graduate Students in Ecology and Evolutionary Biology,Life & Physical Sciences,NA,NA
373,Graduate Students of French and Italian,NA,NA,NA
374,Graduate Women in the Society of Women Engineers,Community Service & Philanthropy,Health & Wellness,Identity & Culture
375,Greek InterVarsity Christian Fellowship,Faith,Religion & Spirituality,Social & Leisure
376,Greeks Redefined,Health & Wellness,NA,NA
377,Grow2Give,Advocacy & Activism,Agricultural,Environmental & Sustainability
378,Grupo Illini,Performance Arts,NA,NA
379,Guild of Unpaid Illinois Lawyer Thespians,Law,Performance Arts,NA
380,Habitat for Humanity Campus Chapter,Community Service & Philanthropy,NA,NA
381,Hack4Impact UIUC,Technology,Engineering & Mathematics,NA
382,Harmony Ballet,Athletic & Recreation,Performance Arts,NA
383,Harry Potter Alliance,Community Service & Philanthropy,NA,NA
384,Healing Everything And Reaching The Soul,Community Service & Philanthropy,NA,NA
385,Health and Elder Law Society,Law,NA,NA
386,Health of The Homeless,Advocacy & Activism,Health & Wellness,NA
387,Healthcare Book Club,Health & Wellness,NA,NA
388,Healthy Smiles,Health & Wellness,NA,NA
389,Heart of Kindness UIUC,Community Service & Philanthropy,NA,NA
390,Hellenic Student Association,Identity & Culture,NA,NA
391,Her Campus Illinois,Business,Media Arts,Social & Leisure
392,"Hermandad de Sigma Iota Alpha, Incorporada",Social & Leisure,Social Fraternities & Sororities,NA
393,Hillel Leadership Council,Identity & Culture,NA,NA
394,Hindu YUVA UIUC,Faith,Religion & Spirituality,Identity & Culture
395,Hip-Hop Collective at UIUC,Advocacy & Activism,Identity & Culture,Media Arts
396,Hip-Notic Dance Team,Performance Arts,NA,NA
397,Hispanic Organization of Urban Studies and the Environment,Environmental & Sustainability,Identity & Culture,Social & Leisure
398,Hispanic Student Nursing Association,Health & Human Sciences,NA,NA
399,Historical European Martial Arts Urbana slash Champaign,Athletic & Recreation,NA,NA
400,History Graduate Student Association,NA,NA,NA
401,Hive Society Improv,Performance Arts,NA,NA
402,HoloLab,Education,Pedagogy & Instruction,Technology
403,Homebound,Advocacy & Activism,Community Service & Philanthropy,Health & Wellness
404,Hong Kong Student Association,Identity & Culture,International,Social & Leisure
405,Horticulture Club,Agricultural,Environmental & Sustainability,NA
406,Hospitality Management Association,Education,Pedagogy & Instruction,NA
407,Hot Pot Basketball Association,Athletic & Recreation,NA,NA
408,Human Development and Family Studies Graduate Student Organization,Advocacy & Activism,Social & Behavioral Sciences,NA
409,Human Factors and Ergonomics Society at the University of Illinois Urbana-Champaign,Environmental & Sustainability,Information & Data Sciences,Social & Behavioral Sciences
410,Human Resources and Psychology Organization,Business,NA,NA
411,HUMANOID ROBOTICS,Business,Health & Wellness,Information & Data Sciences
412,I-CAUSE,Advocacy & Activism,Community Service & Philanthropy,Education
413,I-Leader Academia,Business,Community Service & Philanthropy,Education
414,Ice Skating Illini,Athletic & Recreation,NA,NA
415,iDegrees Graduate Business Association,Business,NA,NA
416,If slash When slash How,Health & Wellness,Identity & Culture,Law
417,IGNITE @UIUC,Advocacy & Activism,~ Affiliation: Women's Resources Center (WRC),NA
418,IlliDell of Alpha Gamma Sigma,Agricultural,Social Fraternities & Sororities,NA
419,Illinakia,Athletic & Recreation,Education,Pedagogy & Instruction
420,Illini 4000,Athletic & Recreation,Community Service & Philanthropy,NA
421,Illini Art and Business Collective,Advocacy & Activism,Business,Community Service & Philanthropy
422,Illini Automotive Group,Social & Leisure,NA,NA
423,Illini Autonomous Vehicles,Information & Data Sciences,Technology,Engineering & Mathematics
424,Illini Awaaz A Cappella,Performance Arts,NA,NA
425,Illini Badminton Intercollegiate Sports Club,Athletic & Recreation,Club Sports,NA
426,Illini Barbell,Athletic & Recreation,NA,NA
427,Illini Bass Fishing Club,Athletic & Recreation,NA,NA
428,Illini Bhangra,Identity & Culture,Performance Arts,NA
429,Illini Billiards Club,Athletic & Recreation,NA,NA
430,Illini Blockchain,Business,Information & Data Sciences,Technology
431,Illini Books to Prisoners,Advocacy & Activism,Community Service & Philanthropy,Ideology & Politics
432,Illini Boxing,Athletic & Recreation,Club Sports,NA
433,Illini Brazilian Jiu Jitsu Club,Athletic & Recreation,Club Sports,NA
434,Illini Business Forum,Business,Education,Pedagogy & Instruction
435,Illini CHAARG,Athletic & Recreation,NA,NA
436,Illini Chamber Strings ( ICS ),Performance Arts,NA,NA
437,Illini Chess Club,NA,NA,NA
438,Illini Chinese Christian Fellowship,Faith,Religion & Spirituality,NA
439,Illini Crusaders,Social & Leisure,NA,NA
440,Illini Cubers,Athletic & Recreation,NA,NA
441,Illini Culinary Care Collective [ CCC ],Community Service & Philanthropy,Health & Wellness,NA
442,Illini Cycling,Athletic & Recreation,Club Sports,NA
443,Illini Dancesport,Athletic & Recreation,NA,NA
444,Illini Democrats,Ideology & Politics,NA,NA
445,Illini Disc Golf Club,Athletic & Recreation,Club Sports,NA
446,Illini Electric Motorsports,Technology,Engineering & Mathematics,NA
447,Illini Emerging Leaders,Community Service & Philanthropy,Education,Pedagogy & Instruction
448,Illini Equestrians,Agricultural,Athletic & Recreation,Health & Wellness
449,Illini Esports,Athletic & Recreation,International,Social & Leisure
450,Illini EV Concept,Technology,Engineering & Mathematics,NA
451,Illini Fight Club,Athletic & Recreation,Health & Wellness,NA
452,Illini Fighting Alzheimer’s,Health & Wellness,NA,NA
453,Illini Fighting Hunger,Community Service & Philanthropy,NA,NA
454,Illini Film and Video,Media Arts,NA,NA
455,Illini Fly Fishing,Athletic & Recreation,Environmental & Sustainability,NA
456,Illini Hockey Club,Athletic & Recreation,Club Sports,NA
457,Illini Ice Girls,Athletic & Recreation,NA,NA
458,Illini Ishaara,Performance Arts,NA,NA
459,Illini Kart Racing [ IKR ],Technology,Engineering & Mathematics,NA
460,Illini Kennel Club,Social & Leisure,NA,NA
461,Illini Life Student Fellowship,Faith,Religion & Spirituality,NA
462,Illini Magic Society,Performance Arts,NA,NA
463,Illini Math Tournament at UIUC,Technology,Engineering & Mathematics,NA
464,Illini Medical Screening Society,Health & Wellness,NA,NA
465,Illini MediMech,Health & Wellness,Technology,Engineering & Mathematics
466,Illini Mens’ Water Polo Club,Club Sports,NA,NA
467,Illini Mentor Program,Community Service & Philanthropy,NA,NA
468,Illini Motorcycle Club,Athletic & Recreation,Social & Leisure,NA
469,Illini N Motion Dance Team,Performance Arts,NA,NA
470,Illini Painting Club,Media Arts,NA,NA
471,Illini Pride Student Athletic Board,Athletic & Recreation,NA,NA
472,Illini Pullers,Agricultural,Technology,Engineering & Mathematics
473,Illini Raas,Identity & Culture,Performance Arts,NA
474,Illini Railroad Club,Social & Leisure,Technology,Engineering & Mathematics
475,Illini Rhythm Syndicate,Athletic & Recreation,Social & Leisure,Technology
476,Illini Ridgebacks Quadball Team,Athletic & Recreation,Club Sports,Social & Leisure
477,Illini RoboMaster,Technology,Engineering & Mathematics,NA
478,Illini Rotaract Club,Community Service & Philanthropy,Social & Leisure,NA
479,Illini Run Club,Athletic & Recreation,Health & Wellness,Social & Leisure
480,Illini Saxophone Club,Community Service & Philanthropy,Education,Pedagogy & Instruction
481,Illini Service Dogs,Community Service & Philanthropy,NA,NA
482,Illini Sheltering Hands Society,Health & Wellness,NA,NA
483,Illini Solar Car,Environmental & Sustainability,Technology,Engineering & Mathematics
484,Illini Speech and Debate,Education,Pedagogy & Instruction,Ideology & Politics
485,Illini Speed,Athletic & Recreation,NA,NA
486,Illini Student Musicals,Performance Arts,NA,NA
487,Illini Students for Reproductive Justice,Advocacy & Activism,Community Service & Philanthropy,NA
488,Illini Students Supporting Israel,Identity & Culture,Ideology & Politics,NA
489,Illini Swim Club,Athletic & Recreation,Club Sports,NA
490,Illini Table Tennis Club,Athletic & Recreation,Club Sports,NA
491,Illini Tang Soo Do,Athletic & Recreation,NA,NA
492,Illini Thaakat Foundation,Community Service & Philanthropy,NA,NA
493,Illini Trap and Skeet Club,Athletic & Recreation,Club Sports,NA
494,Illini Urban Farmers,Agricultural,Community Service & Philanthropy,Education
495,Illini Veterans,Identity & Culture,Social & Leisure,Veteran & Military Connected
496,Illini VEX Robotics,Technology,Engineering & Mathematics,NA
497,Illini Waterski and Wakeboard Club,Athletic & Recreation,NA,NA
498,Illini Wildlife and Conservation Club,Environmental & Sustainability,Social & Leisure,NA
499,"Illini Women in Economics, Econometrics and Statistics",Business,Social & Behavioral Sciences,NA
500,Illini Women’s Golf Club,Athletic & Recreation,NA,NA
501,Illini Women’s Hockey Club,Athletic & Recreation,Club Sports,NA
502,Illini Women’s Soccer Club,Athletic & Recreation,Club Sports,NA
503,Illini Women’s Water Polo,Club Sports,NA,NA
504,Illini World Taekwondo,Athletic & Recreation,Club Sports,Identity & Culture
505,Illini Wushu Club,Athletic & Recreation,NA,NA
506,IlliniFurs,Identity & Culture,Media Arts,Social & Leisure
507,IlliniReads,Social & Leisure,Humanities,NA
508,IlliniThon,Community Service & Philanthropy,NA,NA
509,Illinois Ballet Company,Performance Arts,NA,NA
510,Illinois Biodiesel Initiative,Environmental & Sustainability,Life & Physical Sciences,Technology
511,Illinois Biophysics,Life & Physical Sciences,NA,NA
512,Illinois Club Baseball,Athletic & Recreation,Club Sports,NA
513,Illinois Club Dodgeball,Athletic & Recreation,Club Sports,NA
514,Illinois Club Golf Team,Athletic & Recreation,NA,NA
515,Illinois Consulting Group,Business,Social & Leisure,Technology
516,Illinois Data Science Club,Information & Data Sciences,Technology,Engineering & Mathematics
517,Illinois Design Challenge,Technology,Engineering & Mathematics,NA
518,Illinois DII Club Baseball,Athletic & Recreation,NA,NA
519,Illinois Economic Insights,Business,Information & Data Sciences,NA
520,Illinois Economics Consulting Club [ IEC ],Business,Social & Behavioral Sciences,NA
521,Illinois Education Association - Aspiring Educators,Advocacy & Activism,Education,Pedagogy & Instruction
522,Illinois Golf League,Athletic & Recreation,NA,NA
523,Illinois Healthcare Mentorship Group ( IHMG ),Health & Wellness,NA,NA
524,Illinois Jurisprudence Society,Law,NA,NA
525,Illinois Leadership Center ( ILC ),NA,NA,NA
526,Illinois Medical Advancements through Design and Engineering,Technology,Engineering & Mathematics,NA
527,Illinois Men’s Club Basketball,Athletic & Recreation,Club Sports,NA
528,Illinois Men’s Lacrosse Club,Athletic & Recreation,Club Sports,NA
529,Illinois Men’s Rowing Club,Athletic & Recreation,Club Sports,NA
530,Illinois Men’s Rugby,Athletic & Recreation,Club Sports,NA
531,Illinois Men’s Soccer Club,Club Sports,NA,NA
532,Illinois Men’s Volleyball Club,Athletic & Recreation,Club Sports,NA
533,Illinois MicroTech,Education,Pedagogy & Instruction,Technology
534,Illinois Model United Nations,Advocacy & Activism,Ideology & Politics,International
535,Illinois Music Business Club,Media Arts,NA,NA
536,Illinois National Organization for the Professional Advancement of Black Chemists and Chemical Engineers Student Chapter,Environmental & Sustainability,Identity & Culture,Life & Physical Sciences
537,Illinois Open Ultimate Frisbee Team,Athletic & Recreation,Club Sports,NA
538,Illinois Personal Wealth Management Club,Business,Education,Pedagogy & Instruction
539,Illinois Recreational Baseball League,Athletic & Recreation,NA,NA
540,Illinois Restructuring Club,Business,Law,NA
541,Illinois Rip Chords,Performance Arts,NA,NA
542,Illinois Robotics in Space,Technology,Engineering & Mathematics,NA
543,Illinois Sailing,Athletic & Recreation,NA,NA
544,Illinois Semiconductor Student Alliance,Technology,Engineering & Mathematics,NA
545,Illinois Shotokan Karate Club,Athletic & Recreation,Club Sports,NA
546,Illinois Ski and Snowboard Club,Athletic & Recreation,Social & Leisure,NA
547,Illinois Solar Decathlon,Environmental & Sustainability,Technology,Engineering & Mathematics
548,Illinois Space Society,Technology,Engineering & Mathematics,NA
549,Illinois Spikeball Roundnet Club,Athletic & Recreation,NA,NA
550,Illinois Sports Business Conference,Athletic & Recreation,Business,NA
551,Illinois Student American Veterinary Medical Association,Veterinary,NA,NA
552,Illinois Student Chapter of the American Association of Equine Practitioners,Veterinary,NA,NA
553,Illinois Student Chapter of the Wildlife Disease Association,Veterinary,NA,NA
554,Illinois Student Chapter of the World Aquatic Veterinary Medical Association,Veterinary,NA,NA
555,Illinois Student Council,Advocacy & Activism,Student Governance & Councils,NA
556,Illinois Student Organization of Meteorology,Education,Pedagogy & Instruction,Life & Physical Sciences
557,Illinois Synchronized Skating,Athletic & Recreation,Club Sports,NA
558,Illinois Trial Team,Law,NA,NA
559,Illinois Triathlon Club,Athletic & Recreation,Club Sports,NA
560,Illinois Undergraduate Moot Court Team,Law,NA,NA
561,Illinois Underwater Hockey,Athletic & Recreation,Club Sports,Social & Leisure
562,Illinois Women’s Club Basketball,Athletic & Recreation,Club Sports,NA
563,Illinois Women’s Fastpitch Softball Club,Athletic & Recreation,Club Sports,NA
564,Illinois Women’s Lacrosse Club,Athletic & Recreation,Club Sports,NA
565,Illinois Women’s Rowing Club,Athletic & Recreation,Club Sports,NA
566,Illinois Women’s Rugby Football Club,Athletic & Recreation,Club Sports,NA
567,Illinois Women’s Volleyball Club,Athletic & Recreation,Club Sports,NA
568,Illio Yearbook,Media Arts,NA,NA
569,ImagiNation Dance Crew,Performance Arts,NA,NA
570,Impact Investing Club,Business,Environmental & Sustainability,NA
571,In Between at UIUC,Identity & Culture,Social & Leisure,~ Affiliation: Asian American Cultural Center (AACC)
572,Indian Graduate Students Association,Identity & Culture,International,~ Affiliation: Asian American Cultural Center (AACC)
573,Indian Student Association,Community Service & Philanthropy,Identity & Culture,Social & Leisure
574,Indonesian Students Club,Identity & Culture,International,Social & Leisure
575,Infection Prevention and Control Foundation,Health & Human Sciences,NA,NA
576,Inline Insomniacs,Athletic & Recreation,Environmental & Sustainability,Health & Wellness
577,"Inspiring Minds, Promoting Awareness, Cultivating Talent",Advocacy & Activism,Health & Wellness,NA
578,"Institute for Scientific Progress, Innovation, Research and Edutraining",Education,Pedagogy & Instruction,Environmental & Sustainability
579,Institute of Electrical and Electronics Engineers,Technology,Engineering & Mathematics,NA
580,Institute of Industrial and Systems Engineers,Technology,Engineering & Mathematics,NA
581,Institute of Transportation Engineers UIUC Chapter,Information & Data Sciences,Technology,Engineering & Mathematics
582,Intellectual Property Legal Society,Law,NA,NA
583,Intercollegiate IllinoiSkating,Athletic & Recreation,Performance Arts,NA
584,Interdisciplinary Health Educators And Leaders,Community Service & Philanthropy,Health & Wellness,Health & Human Sciences
585,Interfaith in Action,Community Service & Philanthropy,Faith,Religion & Spirituality
586,Interfraternity Council,Community Service & Philanthropy,Social & Leisure,Social Fraternities & Sororities
587,International Christian Fellowship,Faith,Religion & Spirituality,International
588,International Consulting Network,Business,NA,NA
589,International Genetically Engineered Machine Team at the University of Illinois Urbana-Champaign,Technology,Engineering & Mathematics,NA
590,International Illini,Social & Leisure,NA,NA
591,International Students Association,International,NA,NA
592,International Taekwon-Do Federation Club at Illinois,Athletic & Recreation,Club Sports,NA
593,International Water Resources Association,Technology,Engineering & Mathematics,NA
594,InterVarsity Christian Fellowship - Illinois Undergrad Chapter,Faith,Religion & Spirituality,NA
595,InterVarsity Graduate Christian Fellowship,Faith,Religion & Spirituality,NA
596,Investment Portfolio Organization,Business,NA,NA
597,Iota Phi Lambda,Business,Social & Leisure,NA
598,iPlan,Education,Pedagogy & Instruction,NA
599,Iranian Cultural Association,Identity & Culture,International,Social & Leisure
600,Iranian Heritage Foundation,Community Service & Philanthropy,Identity & Culture,International
601,Irish Illini,Identity & Culture,NA,NA
602,iRobotics,Technology,Engineering & Mathematics,NA
603,It’s On Us at UIUC,Health & Wellness,Ideology & Politics,NA
604,Italian Club,Identity & Culture,International,NA
605,Jain Student Association,Faith,Religion & Spirituality,NA
606,Japanese Animation Club,Identity & Culture,Social & Leisure,NA
607,Japanese Student Association at UIUC,Identity & Culture,~ Affiliation: Asian American Cultural Center (AACC),NA
608,Jasmine Field Orchestra,International,Performance Arts,Social & Leisure
609,JET - Jewish Education Team,Faith,Religion & Spirituality,NA
610,Jewelry Crafting Community,Social & Leisure,NA,NA
611,Jewish Law Students Association,Faith,Religion & Spirituality,Identity & Culture
612,Journey International Ministry,Community Service & Philanthropy,Faith,Religion & Spirituality
613,K-Project,Identity & Culture,International,Performance Arts
614,Kappa Alpha Pi,Law,NA,NA
615,Kappa Alpha Theta Sorority,Community Service & Philanthropy,Social & Leisure,Social Fraternities & Sororities
616,Kappa Delta Chi,Advocacy & Activism,Community Service & Philanthropy,Identity & Culture
617,Kappa Delta Sorority,Community Service & Philanthropy,Social & Leisure,Social Fraternities & Sororities
618,Kappa Kappa Gamma,Community Service & Philanthropy,Social & Leisure,Social Fraternities & Sororities
619,Kappa Kappa Psi,Honorary,Performance Arts,NA
620,"Kappa Phi Lambda Sorority, Inc.",Community Service & Philanthropy,Identity & Culture,Social & Leisure
621,"Kappa Pi Beta National Fraternity, Inc.",Community Service & Philanthropy,Identity & Culture,Social & Leisure
622,Kappa Sigma Fraternity,Community Service & Philanthropy,Social & Leisure,Social Fraternities & Sororities
623,Kendo and Naginata club at the University of Illinois Urbana-Champaign,Athletic & Recreation,NA,NA
624,Keramos,Technology,Engineering & Mathematics,NA
625,Kick Brass - Brass Band,Performance Arts,NA,NA
626,Kinesiology Student Association,Athletic & Recreation,Community Service & Philanthropy,Health & Wellness
627,Kings Assembly Redeemed Christian Church of God,Faith,Religion & Spirituality,NA
628,Knights of Columbus Council number sign 2782,Community Service & Philanthropy,Faith,Religion & Spirituality
629,Knowledge Sprout Champaign-Urbana Initiative,Advocacy & Activism,Community Service & Philanthropy,Education
630,KOJOBS,Business,International,Technology
631,Korean American Student Association,Athletic & Recreation,Community Service & Philanthropy,Identity & Culture
632,Korean Art Architecture Design Association,Media Arts,NA,NA
633,Korean Cultural Center,Identity & Culture,Social & Leisure,NA
634,Korean Guitar Club,Performance Arts,NA,NA
635,Korean Illinois Football Association,Athletic & Recreation,NA,NA
636,Korean Jesus-Love Church,Faith,Religion & Spirituality,NA
637,Korean Student Association,Community Service & Philanthropy,Identity & Culture,International
638,Korean Undergraduate Network,Identity & Culture,International,NA
639,Korean-American Scientists and Engineers Association,Technology,Engineering & Mathematics,NA
640,La Colectiva,Advocacy & Activism,Identity & Culture,NA
641,La Fuerza Flamenca,Identity & Culture,Performance Arts,NA
642,"La Unidad Latina, Lambda Upsilon Lambda Fraternity, Inc.",Community Service & Philanthropy,Social & Leisure,Social Fraternities & Sororities
643,Labor and Employment Relations Wellness Committee,Health & Wellness,NA,NA
644,Laboratory Animal Medicine Club,Veterinary,NA,NA
645,Lambda Phi Epsilon,Community Service & Philanthropy,Social Fraternities & Sororities,NA
646,"Lambda Theta Alpha Latin Sorority, Incorporated.",Community Service & Philanthropy,Social Fraternities & Sororities,~ Affiliation: Women's Resources Center (WRC)
647,"Lambda Theta Phi Latin Fraternity, Inc.",Community Service & Philanthropy,Identity & Culture,Social Fraternities & Sororities
648,LAS Leaders,NA,NA,NA
649,Latinx in Law,Law,NA,NA
650,Latinx Law Students Association,Law,NA,NA
651,Latter-day Saint Student Association at the University of Illinois at Urbana-Champaign,Faith,Religion & Spirituality,NA
652,Law and Medicine at Illinois,Advocacy & Activism,Education,Pedagogy & Instruction
653,LCMS-U Lutherans at Illinois,Faith,Religion & Spirituality,NA
654,League of Linguists,Education,Pedagogy & Instruction,Social & Behavioral Sciences
655,LEAN Six Sigma Council,Technology,Engineering & Mathematics,NA
656,Lebanese Student Association,Identity & Culture,International,NA
657,Legend Dance Company,NA,NA,NA
658,Lego Masters at UIUC,Community Service & Philanthropy,Education,Pedagogy & Instruction
659,Les Claviers,Performance Arts,NA,NA
660,Letters of Love UIUC,Community Service & Philanthropy,NA,NA
661,LGBTJew,Advocacy & Activism,Faith,Religion & Spirituality
662,Life Drawing Club,Media Arts,Social & Leisure,NA
663,Limitless Achievers,International,Technology,Engineering & Mathematics
664,LinguaMed,Education,Pedagogy & Instruction,Health & Wellness
665,Linguistics Student Organization,Community Service & Philanthropy,Education,Pedagogy & Instruction
666,Liquid Rocketry at Illinois,Technology,Engineering & Mathematics,NA
667,Love plus Flour Baking Club,Social & Leisure,NA,NA
668,Luso-Brazilian Association,Identity & Culture,International,NA
669,Lutheran Student Movement,Faith,Religion & Spirituality,NA
670,Macro Investing Association,Business,NA,NA
671,Mahjong Club at UIUC,Identity & Culture,International,Social & Leisure
672,Make Your Own World DIY Club in UIUC,Identity & Culture,International,Media Arts
673,Maker Network,Environmental & Sustainability,Technology,Engineering & Mathematics
674,makesmewanna art collective,Advocacy & Activism,Environmental & Sustainability,Media Arts
675,Makeup Skincare Club,Social & Leisure,NA,NA
676,Malaysian Student Association ( MaSA ),Identity & Culture,~ Affiliation: Asian American Cultural Center (AACC),NA
677,MannMukti,Advocacy & Activism,Community Service & Philanthropy,Health & Wellness
678,Mariachi Alma de la Universidad de Illinois,Performance Arts,NA,NA
679,Master of Finance Student Organization,Business,NA,NA
680,Material Advantage,Social & Leisure,Technology,Engineering & Mathematics
681,Materials Research Society,Social & Leisure,Technology,Engineering & Mathematics
682,Mathematical Advancement Through Research and Idea eXchange,Technology,Engineering & Mathematics,NA
683,MedLaunch,Advocacy & Activism,Community Service & Philanthropy,Health & Wellness
684,MEDLIFE UIUC,Community Service & Philanthropy,NA,NA
685,Menace Ultimate Frisbee,Athletic & Recreation,Club Sports,NA
686,Mentors in Medicine,Health & Wellness,NA,NA
687,Mexican Student Association,Identity & Culture,NA,NA
688,Mi Pueblo Spanish Conversation Groups,Identity & Culture,International,NA
689,Microfishing at Illinois,Social & Leisure,NA,NA
690,Mimosa Dance Crew,NA,NA,NA
691,"Mind, Body, and Soul",Social & Leisure,NA,NA
692,Mindful Movement,Health & Wellness,Performance Arts,NA
693,Minorities in Aerospace,Identity & Culture,Technology,Engineering & Mathematics
694,"Minorities in Agriculture, Natural Resources and Related Sciences",Agricultural,Community Service & Philanthropy,Environmental & Sustainability
695,Minorities in Animal Sciences,Agricultural,NA,NA
696,Minorities in Public Health,Advocacy & Activism,Community Service & Philanthropy,Health & Wellness
697,Minorities in STEM,Agricultural,Environmental & Sustainability,Health & Wellness
698,Minority Association for Future Attorneys,Law,NA,NA
699,Minority Association of Pre-Dental Students,Health & Wellness,NA,NA
700,Minority Business Students Association,Business,NA,NA
701,Mixed Motions UIUC,Business,Community Service & Philanthropy,Identity & Culture
702,Mixed Student Union,Identity & Culture,Social & Leisure,NA
703,Moda Belissima,Media Arts,Performance Arts,NA
704,Mongolian Cultural Organization at the University of Illinois Urbana-Champaign,Identity & Culture,Social & Leisure,NA
705,Montage Arts Journal,Media Arts,NA,NA
706,Mosaic,Advocacy & Activism,Community Service & Philanthropy,Identity & Culture
707,Mu Epsilon Delta,Community Service & Philanthropy,Education,Pedagogy & Instruction
708,Muay Thai Club at Illinois,Athletic & Recreation,Health & Wellness,NA
709,Music Education Student Association,Education,Pedagogy & Instruction,Performance Arts
710,Music Teachers National Association UIUC Collegiate Chapter,Education,Pedagogy & Instruction,Performance Arts
711,Musical Medics,Health & Wellness,Performance Arts,NA
712,Muslim Law Students Association,Faith,Religion & Spirituality,NA
713,Muslim Students Association,Faith,Religion & Spirituality,NA
714,Muslim Tech Collaborative UIUC,Business,Information & Data Sciences,Technology
715,Myra Bradwell Association for Women Law Students,Advocacy & Activism,Identity & Culture,Law
716,NAMI on Campus UIUC,Health & Wellness,NA,NA
717,National Agri-Marketing Association at UIUC,Agricultural,NA,NA
718,National Arab American Medical Association NextGen at UIUC,Education,Pedagogy & Instruction,NA
719,National Association for the Advancement of Colored People,Advocacy & Activism,NA,NA
720,National Association of Black Accountants,Business,NA,NA
721,National Association of Black Journalists,NA,NA,NA
722,"National Association of Colored Women’s Clubs, Inc.",Community Service & Philanthropy,NA,NA
723,"National Band Association, UIUC Collegiate Chapter",Education,Pedagogy & Instruction,Performance Arts
724,National Lawyers Guild,Law,NA,NA
725,National Organization for Business and Engineering,Business,Technology,Engineering & Mathematics
726,National Society of Black Engineers,Identity & Culture,Technology,Engineering & Mathematics
727,National Student Speech Language and Hearing Association,Community Service & Philanthropy,Social & Behavioral Sciences,NA
728,Naval Reserve Officers Training Corps,Veteran & Military Connected,NA,NA
729,Navigators,NA,NA,NA
730,Nepali Student Association,International,NA,NA
731,Neuroscience Student Organization,Health & Wellness,Life & Physical Sciences,NA
732,NeuroTech@UIUC,Education,Pedagogy & Instruction,Technology
733,New City Collegiate,Faith,Religion & Spirituality,NA
734,New Life Korean Church,Faith,Religion & Spirituality,NA
735,NEXT,Social & Leisure,NA,NA
736,Next Generation Leaders,Business,Social & Behavioral Sciences,NA
737,NMDP,Community Service & Philanthropy,NA,NA
738,No Comment A Cappella,Performance Arts,NA,NA
739,No Strings Attached A Cappella,Performance Arts,NA,NA
740,Noble Print Club,Media Arts,Social & Leisure,NA
741,NRES Graduate Student Association,Advocacy & Activism,Environmental & Sustainability,Health & Wellness
742,Numenor Foam Fighting,Athletic & Recreation,Performance Arts,NA
743,NutrImpact,Community Service & Philanthropy,Health & Wellness,NA
744,Nutrition In Health,Health & Wellness,NA,NA
745,Nutritional Sciences Graduate Student Association,Life & Physical Sciences,NA,NA
746,October Lovers Club,Community Service & Philanthropy,Social & Leisure,NA
747,Odd Request Improv,Performance Arts,NA,NA
748,Off The Record,Performance Arts,NA,NA
749,Off-Road Illini,Technology,Engineering & Mathematics,NA
750,Omega Chi Epsilon - Chemical Engineering Honor Society,Technology,Engineering & Mathematics,NA
751,Omega Delta Fraternity,Community Service & Philanthropy,NA,NA
752,"Omega Delta Phi Fraternity, Inc.",Social & Leisure,Social Fraternities & Sororities,NA
753,"Omega Psi Phi Fraternity, Inc.",Social Fraternities & Sororities,NA,NA
754,Omega Tau Sigma,Advocacy & Activism,Community Service & Philanthropy,Education
755,Open-Source @ Illinois,Technology,Engineering & Mathematics,NA
756,"Operation Smile, UIUC Chapter",Advocacy & Activism,Community Service & Philanthropy,NA
757,Organization for Latines in Audiology and Speech-language Pathology,Health & Wellness,Identity & Culture,Social & Leisure
758,Orthodox Christian Fellowship,Faith,Religion & Spirituality,NA
759,OTCR Consulting,Business,NA,NA
760,"Out in Science, Technology, Engineering and Mathematics",Identity & Culture,Technology,Engineering & Mathematics
761,Outdoor Adventure Club,Athletic & Recreation,Community Service & Philanthropy,Environmental & Sustainability
762,Outlaw,Identity & Culture,NA,NA
763,Overseas China Education Foundation at UIUC,Advocacy & Activism,Community Service & Philanthropy,Identity & Culture
764,PaGeKo Biomimetics Club,Technology,Engineering & Mathematics,NA
765,Paint and Pencil,Media Arts,NA,NA
766,Pakistani Graduate Students Association,Identity & Culture,NA,NA
767,Pakistani Students Association,Identity & Culture,Social & Leisure,NA
768,Palestine Children’s Relief Fund,Community Service & Philanthropy,NA,NA
769,Panhellenic Council,Community Service & Philanthropy,Social & Leisure,NA
770,Partners for Pitties,Advocacy & Activism,Veterinary,NA
771,Partners in Health Engage at UIUC,Advocacy & Activism,Community Service & Philanthropy,Health & Wellness
772,Pascal Study Center,Faith,Religion & Spirituality,Identity & Culture
773,Penny Dreadful Players,Performance Arts,NA,NA
774,Peruvian Student Association,Identity & Culture,NA,NA
775,Phi Alpha Delta - Pre-Law Undergraduate Chapter,Community Service & Philanthropy,Law,NA
776,"Phi Alpha Delta Law Fraternity, Magruder Chapter ( Illinois Law School )",Law,NA,NA
777,Phi Alpha Theta,Social & Leisure,NA,NA
778,"Phi Beta Sigma Fraternity Inc., Epsilon-Xi Chapter",Business,Social Fraternities & Sororities,NA
779,Phi Chi Premedical Society,Health & Human Sciences,NA,NA
780,Phi Chi Theta Professional Business Fraternity,Business,Community Service & Philanthropy,NA
781,Phi Delta Epsilon Medical Fraternity,Community Service & Philanthropy,Honorary,Health & Human Sciences
782,Phi Delta Phi - Illini Hall,Community Service & Philanthropy,Honorary,Law
783,Phi Delta Theta,Community Service & Philanthropy,Social & Leisure,NA
784,Phi Eta Sigma National Honor Society,Community Service & Philanthropy,Education,Pedagogy & Instruction
785,"Phi Gamma Nu, Professional Business Fraternity",Business,Community Service & Philanthropy,Health & Wellness
786,"Phi Iota Alpha Fraternity, Inc.",Advocacy & Activism,Identity & Culture,NA
787,Phi Kappa Psi,Community Service & Philanthropy,Social & Leisure,Social Fraternities & Sororities
788,Phi Kappa Sigma,Community Service & Philanthropy,International,Social & Leisure
789,Phi Kappa Tau Fraternity,Social & Leisure,Social Fraternities & Sororities,NA
790,Phi Kappa Theta Fraternity,Community Service & Philanthropy,Social & Leisure,NA
791,Phi Mu Alpha Sinfonia Fraternity,Performance Arts,NA,NA
792,Phi Sigma Kappa,Athletic & Recreation,Community Service & Philanthropy,Social & Leisure
793,Phi Sigma Rho Engineering Sorority,Social Fraternities & Sororities,Technology,Engineering & Mathematics
794,Phi Sigma Sigma,Community Service & Philanthropy,Social & Leisure,Social Fraternities & Sororities
795,Philippine Student Association,Identity & Culture,~ Affiliation: Asian American Cultural Center (AACC),NA
796,Philosophy Club slash Phi Sigma Tau,NA,NA,NA
797,Photon Pictures,Media Arts,NA,NA
798,Physicians for Human Rights,Advocacy & Activism,Health & Human Sciences,NA
799,Physics Society slash Society of Physics Students,Life & Physical Sciences,Social & Leisure,Technology
800,Pi Beta Phi Sorority,Community Service & Philanthropy,Social Fraternities & Sororities,NA
801,Pi Kappa Alpha,Advocacy & Activism,Athletic & Recreation,Business
802,Pi Kappa Phi,Community Service & Philanthropy,Social & Leisure,Social Fraternities & Sororities
803,"Pi Lambda Chi Latina Sorority, Inc.",Community Service & Philanthropy,Identity & Culture,Social & Leisure
804,Pi Rho Omega,Business,NA,NA
805,Pi Tau Sigma,Community Service & Philanthropy,Social & Leisure,Technology
806,PIRG at Illinois,Advocacy & Activism,Community Service & Philanthropy,Environmental & Sustainability
807,Planned Parenthood Generation Action,Advocacy & Activism,NA,NA
808,Plant Futures at University of Illinois Urbana-Champaign,Advocacy & Activism,Agricultural,Environmental & Sustainability
809,Point Four Photography,Media Arts,NA,NA
810,Poker Power UIUC,Business,Social & Leisure,Technology
811,Polish Club Zagloba,Identity & Culture,Social & Leisure,NA
812,Political Discussion and Debate UIUC,Ideology & Politics,NA,NA
813,Political Science Graduate Student Association,Ideology & Politics,Social & Behavioral Sciences,NA
814,Positive Pre-Meds,Health & Wellness,NA,NA
815,Potted Meat Sketch Comedy,Performance Arts,NA,NA
816,Power Engineers,Social & Leisure,NA,NA
817,Pre-Dental Club,Health & Wellness,NA,NA
818,Pre-Genetic Counseling Club,Advocacy & Activism,Health & Wellness,Life & Physical Sciences
819,Pre-Health Latino Undergraduate Society,Health & Wellness,NA,NA
820,Pre-Health Psychology Association of UIUC ( PPA ),Health & Wellness,Life & Physical Sciences,Social & Behavioral Sciences
821,Pre-Law Honors Society: The Order of Prospective Lawyers,Education,Pedagogy & Instruction,Honorary
822,Pre-Medical Asian Pacific American Medical Student Association,Health & Wellness,NA,NA
823,Pre-Occupational Therapy Association,Education,Pedagogy & Instruction,NA
824,Pre-Optometry Club,Health & Wellness,Life & Physical Sciences,NA
825,Pre-Pharmacy Club,Health & Wellness,NA,NA
826,Pre-Physical Therapy Club,Health & Wellness,NA,NA
827,Pre-Physician Assistant Club,Health & Wellness,NA,NA
828,Pre-Vet Club,Veterinary,NA,NA
829,Pregnant Pig Protection Role Play Game,Social & Leisure,NA,NA
830,Prescription Fitness at UIUC,Community Service & Philanthropy,Health & Wellness,Health & Human Sciences
831,Prime Mergers and Acquisitions,Business,NA,NA
832,Product Space UIUC,Business,Information & Data Sciences,Technology
833,Production Medicine Club,Veterinary,NA,NA
834,Project 4 Less,Community Service & Philanthropy,Environmental & Sustainability,NA
835,Project Code UIUC,Information & Data Sciences,Technology,Engineering & Mathematics
836,Project Taqwa UIUC,Faith,Religion & Spirituality,Health & Wellness
837,Prospanica,Business,Identity & Culture,NA
838,PRSSA@ILLINOIS,Business,NA,NA
839,Psi Eta Mu - iSchool Professional Fraternity,Information & Data Sciences,NA,NA
840,Psi Upsilon Omicron,Community Service & Philanthropy,Social & Leisure,Social Fraternities & Sororities
841,Psych Bites Undergraduate Psychology Journal,Education,Pedagogy & Instruction,Social & Behavioral Sciences
842,Psychology Research and Community Club,Health & Wellness,Social & Behavioral Sciences,NA
843,Psychology Survey Club,Education,Pedagogy & Instruction,Information & Data Sciences
844,Public Interest Law Foundation,Law,NA,NA
845,Public Policy Leaders,Law,NA,NA
846,Puerto Rican Student Association,Advocacy & Activism,Education,Pedagogy & Instruction
847,Pulse,Technology,Engineering & Mathematics,NA
848,Quant,Technology,Engineering & Mathematics,NA
849,Queer Book Club,Identity & Culture,Social & Leisure,NA
850,Queer Library Alliance,Identity & Culture,Social & Leisure,NA
851,Queer Wellness at Illinois,Community Service & Philanthropy,Health & Wellness,Identity & Culture
852,Raas Mania,Identity & Culture,Performance Arts,NA
853,Re: verie,Athletic & Recreation,Performance Arts,Social & Leisure
854,REACH,Business,Media Arts,Social & Leisure
855,Reaching Across Classes,Advocacy & Activism,Community Service & Philanthropy,Identity & Culture
856,Real Estate Law Society,Law,NA,NA
857,Recreational Volleyball,Athletic & Recreation,NA,NA
858,Red Bison Ecological Restoration,Advocacy & Activism,Community Service & Philanthropy,Environmental & Sustainability
859,Red Crescent Moon,Community Service & Philanthropy,Education,Pedagogy & Instruction
860,Reformed University Fellowship,Faith,Religion & Spirituality,NA
861,Remote Area Medical Chapter at UIUC,Advocacy & Activism,Community Service & Philanthropy,Health & Wellness
862,Retrieval Augmented Generation @ UIUC,Technology,Engineering & Mathematics,NA
863,Retrocomputing and Hardware at Illinois,Social & Leisure,Technology,Engineering & Mathematics
864,"Rho Epsilon, Student Real Estate Association",Business,NA,NA
865,RISE,Advocacy & Activism,Community Service & Philanthropy,Identity & Culture
866,Robobrawl,Technology,Engineering & Mathematics,NA
867,Root to Roof,Community Service & Philanthropy,Environmental & Sustainability,NA
868,Roselle,Identity & Culture,International,Performance Arts
869,Rube Goldberg Society,Media Arts,Social & Leisure,Technology
870,Rural Area Student Initiative,Advocacy & Activism,Community Service & Philanthropy,Education
871,Russian Speaking Organization,Identity & Culture,International,Social & Leisure
872,Salaam Middle East and North Africa ( MENA ) Cultural Center,Identity & Culture,International,NA
873,Saudi Students Association,Identity & Culture,NA,NA
874,Save the Children Action Network at University of Illinois at Urbana Champaign,Advocacy & Activism,NA,NA
875,Scandinavian Club,Identity & Culture,International,NA
876,Science Policy Group,Advocacy & Activism,Life & Physical Sciences,NA
877,Secular Student Alliance,Advocacy & Activism,Community Service & Philanthropy,Identity & Culture
878,Security Studies Group,NA,NA,NA
879,Serbian Student Association,Identity & Culture,NA,NA
880,SGI Buddhists for World Peace,Faith,Religion & Spirituality,NA
881,Sharing Smiles with Hospice Patients,Advocacy & Activism,Community Service & Philanthropy,Education
882,She’s the First UIUC,Advocacy & Activism,Community Service & Philanthropy,NA
883,Sibshops UIUC,Advocacy & Activism,Community Service & Philanthropy,Health & Wellness
884,Sigma Alpha Epsilon Fraternity,Social & Leisure,NA,NA
885,Sigma Alpha Iota International Music Fraternity for Women,Performance Arts,NA,NA
886,Sigma Alpha Professional Agricultural Sorority,Agricultural,Social Fraternities & Sororities,NA
887,"Sigma Beta Rho Fraternity, Inc.",Community Service & Philanthropy,Identity & Culture,Social Fraternities & Sororities
888,Sigma Chi Fraternity,Community Service & Philanthropy,Social & Leisure,NA
889,Sigma Delta Tau,Social & Leisure,Social Fraternities & Sororities,NA
890,"Sigma Gamma Rho Sorority, Inc.",Community Service & Philanthropy,Social Fraternities & Sororities,NA
891,Sigma Lambda Beta International Fraternity Inc.-Kappa Chapter,Advocacy & Activism,Community Service & Philanthropy,Identity & Culture
892,Sigma Lambda Gamma National Sorority Inc. Delta Chapter,Advocacy & Activism,Community Service & Philanthropy,Identity & Culture
893,Sigma Nu Fraternity,Social & Leisure,Social Fraternities & Sororities,NA
894,Sigma Phi Delta Fraternity,Social & Leisure,Social Fraternities & Sororities,Technology
895,Sigma Phi Epsilon,Social & Leisure,Social Fraternities & Sororities,NA
896,"Sigma Psi Zeta Sorority, Inc.",Community Service & Philanthropy,Identity & Culture,Social & Leisure
897,Sikh Student Association,Faith,Religion & Spirituality,Identity & Culture
898,Singapore Students Association,Social & Leisure,NA,NA
899,Sino U.S. Trade Research Group,Business,Information & Data Sciences,Technology
900,SKATE for Girls,Athletic & Recreation,Community Service & Philanthropy,Education
901,Skateboarding Illini,Athletic & Recreation,Health & Wellness,Performance Arts
902,Skeumorphics,Media Arts,NA,NA
903,SKY Meditation at UIUC,Community Service & Philanthropy,Health & Wellness,Social & Leisure
904,Social Gaming Club,Athletic & Recreation,Health & Wellness,Social & Leisure
905,Social Justice Initiative,Advocacy & Activism,Education,Pedagogy & Instruction
906,Society for Business Management in Architecture,Business,Social & Leisure,NA
907,Society for Ecological Restoration at the University of Illinois,Community Service & Philanthropy,Education,Pedagogy & Instruction
908,Society for Engineering Mechanics,Life & Physical Sciences,Social & Leisure,Technology
909,Society for Equity in Astronomy,Advocacy & Activism,Life & Physical Sciences,NA
910,Society for Industrial and Applied Mathematics,Education,Pedagogy & Instruction,Information & Data Sciences
911,Society for the Advancement of Chicanos and Native Americans in Science - UIUC Chapter,Identity & Culture,Life & Physical Sciences,NA
912,Society for the Promotion of Indian Classical Music and Culture Amongst Youth,Identity & Culture,Performance Arts,NA
913,Society for Underrepresented Physics Students,Advocacy & Activism,Community Service & Philanthropy,Education
914,Society for Women in Physics,Life & Physical Sciences,NA,NA
915,Society of Asian Scientists and Engineers,Advocacy & Activism,Community Service & Philanthropy,Identity & Culture
916,Society of Hispanic Professional Engineers,Technology,Engineering & Mathematics,NA
917,Society of Minority Students in History,Advocacy & Activism,Education,Pedagogy & Instruction
918,Society of Professional Journalists,Media Arts,NA,NA
919,Society of Women Engineers,Technology,Engineering & Mathematics,NA
920,Society of Women in Business,Business,NA,NA
921,Society of Women In Public Affairs,Business,Community Service & Philanthropy,Honorary
922,Sociology Student Organization ( SSO ),Social & Leisure,NA,NA
923,SoSudsy Soap Club,Business,Education,Pedagogy & Instruction
924,South Asian Law Students Association,Identity & Culture,~ Affiliation: Asian American Cultural Center (AACC),NA
925,Space Law Society,Law,NA,NA
926,Spanish and Portuguese Graduate Organization,Education,Pedagogy & Instruction,Social & Leisure
927,Speak Your Migraine,Advocacy & Activism,Health & Wellness,NA
928,Special Olympics Unified Sports UIUC,Advocacy & Activism,Athletic & Recreation,Community Service & Philanthropy
929,Special Populations’ Student Health Concerns Committee,Community Service & Philanthropy,NA,NA
930,Special Warfare Club,Veteran & Military Connected,NA,NA
931,Spicy Clamato Improv,Performance Arts,NA,NA
932,Sports and Entertainment Law Society,Law,NA,NA
933,Sports Analytics Society,Information & Data Sciences,NA,NA
934,Sprout UIUC,Business,Community Service & Philanthropy,Education
935,Squirrel and Bird Watching Club,Environmental & Sustainability,NA,NA
936,Sri Lankan Cultural Association,Identity & Culture,NA,NA
937,Steel Bridge,Technology,Engineering & Mathematics,NA
938,Stiletto Queens,Athletic & Recreation,Performance Arts,NA
939,Stitching Illini,Social & Leisure,NA,NA
940,Strengthening and Empowering Educators of Diverse Statuses,Education,Pedagogy & Instruction,Identity & Culture
941,Structural Engineers Association of Illinois Student Chapter ( SEAOI ),Social & Leisure,Technology,Engineering & Mathematics
942,Student Affairs Sustainability,Advocacy & Activism,Agricultural,Community Service & Philanthropy
943,Student Aircraft Builders,Technology,Engineering & Mathematics,NA
944,Student Alumni Ambassadors,Social & Leisure,NA,NA
945,Student Ambassadors of UIPD,Advocacy & Activism,Community Service & Philanthropy,NA
946,Student Art History Association,Media Arts,NA,NA
947,Student Bar Association,Community Service & Philanthropy,Health & Wellness,Law
948,Student Basic Needs Coalition @ University of Illinois at Urbana- Champaign,Community Service & Philanthropy,NA,NA
949,Student Chapter of The American College of Veterinary Pathologists at Illinois,Veterinary,NA,NA
950,Student Dietetic Association,Health & Wellness,NA,NA
951,Student Media Marketing Association,Honorary,Media Arts,NA
952,Student Nurses’ Association,Health & Wellness,Life & Physical Sciences,Social & Behavioral Sciences
953,Student Organization Resource Fee ( SORF ) Board,NA,NA,NA
954,Student Planning Organization,Environmental & Sustainability,Humanities,NA
955,Student Society for Human Resource Management,Business,Community Service & Philanthropy,Education
956,Student Sustainability Leadership Council,Advocacy & Activism,Community Service & Philanthropy,Environmental & Sustainability
957,Students Consulting for Nonprofit Organizations,Business,Community Service & Philanthropy,NA
958,Students for Environmental Concerns,Advocacy & Activism,Agricultural,Business
959,Students for Fair Democracy,Advocacy & Activism,Community Service & Philanthropy,Ideology & Politics
960,Students Organize for Syria,Advocacy & Activism,Community Service & Philanthropy,Identity & Culture
961,STYL Project,Environmental & Sustainability,Media Arts,Performance Arts
962,Sudden Cardiac-Death Awareness Research Foundation: University of Illinois at Urbana-Champaign Chapter,Health & Wellness,Technology,Engineering & Mathematics
963,Supply Chain Academy,NA,NA,NA
964,Supply Chain Management Association an ASCM Chapter,Business,NA,NA
965,Sustainable Solutions,Environmental & Sustainability,Technology,Engineering & Mathematics
966,Taiwanese American Students Club,Identity & Culture,~ Affiliation: Asian American Cultural Center (AACC),NA
967,Taiwanese Student Association,Faith,Religion & Spirituality,Identity & Culture
968,TAMID Group at Illinois,Business,NA,NA
969,Tau Beta Pi Engineering Honor Society,Honorary,Technology,Engineering & Mathematics
970,Tau Kappa Epsilon Fraternity,Social & Leisure,Social Fraternities & Sororities,NA
971,TAU SIGMA National Honor Society,Honorary,NA,NA
972,Tax Advisors for the Champaign Society,Business,Community Service & Philanthropy,NA
973,Taylor Swift Society,Social & Leisure,NA,NA
974,Tea and Company,Identity & Culture,Social & Leisure,NA
975,TEDxUIUC,Community Service & Philanthropy,Health & Wellness,Performance Arts
976,TerraWing,Environmental & Sustainability,Information & Data Sciences,Technology
977,The American Chemical Society East Central Illinois Women Chemists Committee,Life & Physical Sciences,NA,NA
978,The Baha’i Association at the University of Illinois,Faith,Religion & Spirituality,NA
979,The Blading Illini,Social & Leisure,NA,NA
980,The Canopy Club Connectors,Performance Arts,Social & Leisure,NA
981,The Classics Club,Education,Pedagogy & Instruction,Honorary
982,The Collective Magazine,NA,NA,NA
983,The Commu.n.i.t.y,Community Service & Philanthropy,NA,NA
984,The Cooking Collective,Community Service & Philanthropy,Identity & Culture,Social & Leisure
985,The Creative Collective,Media Arts,Performance Arts,NA
986,The Diabetes Link,Health & Wellness,NA,NA
987,The Dressember Organization of the University of Illinois at Urbana Champaign,Advocacy & Activism,~ Affiliation: Women's Resources Center (WRC),NA
988,The Fashion Network,Media Arts,Performance Arts,Social & Leisure
989,The Financial Planning Club at Illinois,Business,NA,NA
990,The Gray Matters at the University of Illinois Urbana-Champaign,Advocacy & Activism,Health & Wellness,NA
991,The Hemp Club,Advocacy & Activism,Agricultural,Health & Wellness
992,The Hoeft Technology and Management Program Student Organization,Business,Community Service & Philanthropy,Technology
993,The Illini Metagamers,Athletic & Recreation,Social & Leisure,NA
994,The Illini Swing Society,Athletic & Recreation,Identity & Culture,Performance Arts
995,The Illinois Alt. Protein Project,Environmental & Sustainability,NA,NA
996,The Illinois Student Undergraduate Research Journal,Education,Pedagogy & Instruction,NA
997,The Kat Walk,Performance Arts,NA,NA
998,The King’s Guard,Advocacy & Activism,Social & Leisure,NA
999,The Latine Social Work Organization,Advocacy & Activism,Identity & Culture,Social & Behavioral Sciences
1000,The National Organization of Minority Architecture Students,Advocacy & Activism,Community Service & Philanthropy,Social & Leisure
1001,The National Society of Pershing Rifles,Athletic & Recreation,Community Service & Philanthropy,Veteran & Military Connected
1002,The Ortelian Society,Advocacy & Activism,Ideology & Politics,Law
1003,The Other Guys,Performance Arts,NA,NA
1004,The Phoenix Improv Company,Performance Arts,NA,NA
1005,The Prancing Pearls,Performance Arts,NA,NA
1006,The Red Shoe Foundation,Advocacy & Activism,Community Service & Philanthropy,NA
1007,The Resurrected Poets Society International,International,NA,NA
1008,The Scholarly Reading Circle For Economics at UIUC,Environmental & Sustainability,Ideology & Politics,Law
1009,The Slavic Graduate Student Association,Humanities,NA,NA
1010,The Society of Art History and Fine Arts ( SAHFA ),Education,Pedagogy & Instruction,NA
1011,The SODA,Advocacy & Activism,NA,NA
1012,The Student Chapter of the American Holistic Veterinary Medicine Association at the University of Illinois,Veterinary,NA,NA
1013,The What You Will Shakespeare Company,Performance Arts,NA,NA
1014,"The Wildlife Society, University of Illinois at Urbana-Champaign Student Chapter",Community Service & Philanthropy,Environmental & Sustainability,NA
1015,THE5H4N Club,Advocacy & Activism,Business,Community Service & Philanthropy
1016,Themed Entertainment Association at University of Illinois Urbana-Champaign,Social & Leisure,Technology,Engineering & Mathematics
1017,Theta Tau Professional Engineering Fraternity,NA,NA,NA
1018,Theta Xi Fraternity,Athletic & Recreation,Community Service & Philanthropy,Education
1019,Thomistic Institute at University of Illinois at Urbana-Champaign,NA,NA,NA
1020,Thrive Together,Community Service & Philanthropy,Education,Pedagogy & Instruction
1021,Timothy Bible Fellowship,Faith,Religion & Spirituality,NA
1022,Track and Field Club,Athletic & Recreation,NA,NA
1023,Traders at Illinois,Information & Data Sciences,Technology,Engineering & Mathematics
1024,Transportation and Development Institute Graduate Student Organization,Technology,Engineering & Mathematics,NA
1025,Traveling Illini,Athletic & Recreation,NA,NA
1026,Triangle Fraternity,Community Service & Philanthropy,Social & Leisure,Social Fraternities & Sororities
1027,True Vine,Faith,Religion & Spirituality,NA
1028,TRUTH AND BEAUTY,Performance Arts,NA,NA
1029,Turkish Student Association,International,Social & Leisure,NA
1030,Turning Point USA,Ideology & Politics,NA,NA
1031,TVC College,Faith,Religion & Spirituality,NA
1032,Twin City Bible Church Students Organization,Faith,Religion & Spirituality,NA
1033,Tzu Chi Collegiate Association,NA,NA,NA
1034,Udaan,Identity & Culture,Performance Arts,NA
1035,UIUC Contract Bridge,Information & Data Sciences,Social & Leisure,NA
1036,UIUC Fataaka,Identity & Culture,Performance Arts,Social & Leisure
1037,Ukrainian Student Association,Identity & Culture,NA,NA
1038,Undergraduate History Journal at Illinois,NA,NA,NA
1039,Undergraduate Law Review at the University of Illinois at Urbana-Champaign,Law,NA,NA
1040,Undergraduate Neuroscience Society,Health & Wellness,Life & Physical Sciences,Social & Behavioral Sciences
1041,Undergraduate Pre-PhD Society,Education,Pedagogy & Instruction,Life & Physical Sciences
1042,Undergraduate Psychology Association,Social & Behavioral Sciences,NA,NA
1043,Undergraduate Research in Scientific Advancement,Life & Physical Sciences,Technology,Engineering & Mathematics
1044,UNICEF at UIUC,Advocacy & Activism,Community Service & Philanthropy,NA
1045,United Greek Council,Community Service & Philanthropy,Identity & Culture,Social & Leisure
1046,University YMCA Student Board,Community Service & Philanthropy,NA,NA
1047,Varsity Men’s Glee Club at the University of Illinois,Performance Arts,NA,NA
1048,VAW Global Veterinary Outreach,Agricultural,Community Service & Philanthropy,Education
1049,Velocity Dance,Performance Arts,NA,NA
1050,Venture Capital Association,Business,NA,NA
1051,Veterinarians as One Inclusive Community for Empowerment,Advocacy & Activism,Community Service & Philanthropy,Identity & Culture
1052,Video Game Music Club,Performance Arts,Social & Leisure,NA
1053,Vietnamese Student Association,Identity & Culture,Social & Leisure,~ Affiliation: Asian American Cultural Center (AACC)
1054,Virtual Reality Club at UIUC,Technology,Engineering & Mathematics,NA
1055,Vis-A-Vis Tutoring,Advocacy & Activism,Community Service & Philanthropy,Education
1056,Vitality Dance Team,Performance Arts,NA,NA
1057,Volunteer Illini Projects,Community Service & Philanthropy,NA,NA
1058,weDignify-UIUC,Ideology & Politics,NA,NA
1059,Wesley Foundation Student Fellowship,Community Service & Philanthropy,Faith,Religion & Spirituality
1060,WeXpress UIUC,Health & Wellness,NA,NA
1061,Women and Gender Minorites in Physics,Health & Wellness,Identity & Culture,Life & Physical Sciences
1062,Women Impacting Supply Chain Excellence,Business,International,Technology
1063,Women in Aerospace,Social & Leisure,Technology,Engineering & Mathematics
1064,Women In Architecture-UIUC,Technology,Engineering & Mathematics,NA
1065,Women in Chemical Sciences,Life & Physical Sciences,NA,NA
1066,Women in Civil and Environmental Engineering,Technology,Engineering & Mathematics,NA
1067,Women in Computer Science,Identity & Culture,Social & Leisure,Technology
1068,Women In CyberSecurity Student Chapter,Technology,Engineering & Mathematics,NA
1069,Women in Data Science Urbana-Champaign,Advocacy & Activism,Community Service & Philanthropy,Identity & Culture
1070,Women in Electrical and Computer Engineering,Technology,Engineering & Mathematics,NA
1071,Women in Mechanical Science and Engineering,Social & Leisure,Technology,Engineering & Mathematics
1072,Women in Music,Performance Arts,NA,NA
1073,Women in Nuclear Student Chapter at the University of Illinois,Environmental & Sustainability,Technology,Engineering & Mathematics
1074,Women in Psychology,Education,Pedagogy & Instruction,Social & Behavioral Sciences
1075,Women in Statistics,Advocacy & Activism,Information & Data Sciences,NA
1076,Women of Color,Identity & Culture,NA,NA
1077,Women of Pride,Education,Pedagogy & Instruction,Identity & Culture
1078,Women’s Glee Club,Performance Arts,NA,NA
1079,Women’s Resources Center ( WRC ),Advocacy & Activism,Health & Wellness,Social & Leisure
1080,Women’s Undergraduate Law Society,Law,NA,NA
1081,WPGU-FM 107.1,Media Arts,Performance Arts,NA
1082,Wrapsody Dance Co.,Performance Arts,NA,NA
1083,Wrestling Club at University of Illinois,Athletic & Recreation,Health & Wellness,NA
1084,Writers Organizing Realistic Dialect,Health & Wellness,Performance Arts,Social & Leisure
1085,Written Arts and Media Club,Media Arts,NA,NA
1086,Xtension Chords A Cappella,Performance Arts,NA,NA
1087,Yarn and Unity,Identity & Culture,Social & Leisure,NA
1088,Young Americans for Freedom,Ideology & Politics,NA,NA
1089,"Young Americans for Solidarity, UIUC",Faith,Religion & Spirituality,Ideology & Politics
1090,Young Democratic Socialists of America,Advocacy & Activism,Ideology & Politics,NA
1091,Youth Sports Relief Team,NA,NA,NA
1092,Yu-Gi-Oh Illini,Social & Leisure,NA,NA
1093,Zero2One,Business,Technology,Engineering & Mathematics
1094,Zeta Phi Beta,Community Service & Philanthropy,Social & Leisure,Social Fraternities & Sororities
1095,Zeta Psi Fraternity,Social & Leisure,Social Fraternities & Sororities,NA
1096,Zindaa UIUC,Athletic & Recreation,Identity & Culture,Performance Arts
