netId,name,year,major,minor,taggedPref,prefTimeComm
gjone81,Mrs. Rhonda Vaughan,4,Computer Science,Art History,Cultural,1-3 hours
npayn20,Christopher Liu,3,Chemistry,Environmental Studies,Cultural,3-5 hours
cjohn86,Tyler Bell,4,Physics,Journalism,Social,5-10 hours
smcki25,Warren Mccormick,2,Political Science,Music,Technical,10+ hours
mwell79,Beverly Parrish,4,Political Science,Spanish,Technical,10+ hours
tdavi7,Sherri Dominguez,2,Physics,Statistics,Media,10+ hours
dkim64,Oscar Rogers,2,Biology,Theatre,Arts,1-3 hours
mking79,Aaron Brady,2,Art,Philosophy,Professional,3-5 hours
swill89,Robin Berger,4,Physics,Neuroscience,Social,10+ hours
epere72,William Wallace,2,Computer Science,Theatre,Cultural,5-10 hours
smart11,Jeffrey Davis,4,Mathematics,Linguistics,Professional,5-10 hours
mmill83,Brandon Rich,2,History,Statistics,Arts,5-10 hours
mmend32,Lauren Smith,1,English,Women's Studies,Technical,1-3 hours
dsosa21,Matthew Norris,4,Economics,Environmental Studies,Cultural,5-10 hours
mfree40,Joseph Pittman,3,Chemistry,Statistics,Cultural,3-5 hours
gshie1,Jose Irwin,2,Political Science,Music,Media,10+ hours
klivi76,Lisa Nash,1,Engineering,Philosophy,Media,10+ hours
jdavi51,Jennifer Smith,4,English,Spanish,Arts,3-5 hours
dali81,Eric Hooper,2,Engineering,Business,Academic,3-5 hours
dgree96,Michelle Rubio,2,Music,Theatre,Cultural,3-5 hours
jwhit25,Janice Cunningham,4,Engineering,Business,Cultural,3-5 hours
cmcla17,Luis Newton,3,Economics,Philosophy,Professional,10+ hours
mjone9,Rhonda Clark,1,Chemistry,Spanish,Professional,3-5 hours
vcart87,Denise Walker MD,4,Psychology,Art History,Technical,1-3 hours
ehigg34,Rachael Clark PhD,4,Mathematics,Neuroscience,Cultural,1-3 hours
jhowa28,Don Ibarra,3,Political Science,Women's Studies,Social,3-5 hours
jobri18,Chris Rogers,2,Mathematics,Music,Arts,10+ hours
phend36,Debra Martinez,4,Mathematics,Women's Studies,Professional,3-5 hours
vthom15,Sara Parks,2,Engineering,Data Science,Social,5-10 hours
rlope58,Patrick Brennan,1,Physics,Sociology,Cultural,3-5 hours
cjoyc66,Andrew Evans,2,Business,Music,Media,1-3 hours
fsimp5,Pamela Li,3,Music,Philosophy,Media,10+ hours
nwrig38,Michael Barrett,4,Psychology,Art History,Professional,3-5 hours
emart9,Tiffany Lopez,2,English,Linguistics,Arts,5-10 hours
idavi6,Brandon Davis,2,Biology,Anthropology,Arts,10+ hours
jhall95,Michael Mccoy,1,Communications,Business,Arts,5-10 hours
mwill33,Natasha Cruz,1,Art,Data Science,Technical,1-3 hours
jjone75,Nathan Diaz,1,English,Environmental Studies,Arts,10+ hours
mrodr99,Jeremiah Jimenez,4,Art,Women's Studies,Academic,1-3 hours
amars85,Belinda Scott,2,Psychology,Business,Technical,10+ hours
cwals66,Gabriel Taylor,2,Chemistry,Women's Studies,Social,3-5 hours
gbrid67,Beth Schultz,1,Economics,Linguistics,Technical,1-3 hours
pflow3,Mr. Matthew Sanders MD,4,Chemistry,Music,Academic,3-5 hours
cbrow19,Peter Bauer,2,Physics,Art History,Professional,5-10 hours
swarn74,Sandra Lang MD,2,History,Business,Arts,5-10 hours
bpalm18,Anthony Ray,4,Political Science,Art History,Cultural,3-5 hours
tmerc94,Bruce Richard,1,Communications,Sociology,Arts,1-3 hours
skoch6,Martha Cruz,3,Psychology,Women's Studies,Technical,10+ hours
dsmit26,Christy Lucas,3,Engineering,Statistics,Media,5-10 hours
jalva9,Brian Miller,2,Psychology,Theatre,Media,1-3 hours
ewebb96,Lawrence Wright,2,Mathematics,Business,Social,1-3 hours
fpham43,Monique Peterson,3,Chemistry,Environmental Studies,Academic,1-3 hours
tmull37,Monica Fletcher,3,Chemistry,Anthropology,Academic,3-5 hours
ddown74,Wayne Mclaughlin,2,Economics,Data Science,Social,3-5 hours
jsims10,Brian Rodriguez Jr.,1,Physics,Statistics,Cultural,1-3 hours
jrhod70,Melanie Stewart,1,Chemistry,Linguistics,Media,1-3 hours
dking24,Daniel Wilson,3,Political Science,Anthropology,Media,3-5 hours
msmit71,Steven Lee,1,Engineering,Neuroscience,Cultural,3-5 hours
kwong1,Chelsea Lee,2,Political Science,Linguistics,Academic,10+ hours
jvale21,Arthur Byrd,2,Computer Science,Neuroscience,Academic,5-10 hours
krios78,Katherine Brown,2,Biology,Theatre,Arts,5-10 hours
mloga69,Diana Martin,2,Music,Music,Media,10+ hours
ahall80,Mary Mendoza,1,Communications,Business,Social,3-5 hours
aweek47,Kenneth Hall,3,Computer Science,Philosophy,Professional,3-5 hours
jlee56,Christopher Bennett,2,Political Science,Anthropology,Professional,1-3 hours
apace12,Teresa Phillips,4,Art,Environmental Studies,Social,5-10 hours
dmcin66,Mitchell Pena,4,Business,Music,Professional,10+ hours
rhunt85,Nathan Murray,3,English,Environmental Studies,Professional,5-10 hours
jpric10,Jonathan Brock,2,Business,Statistics,Academic,1-3 hours
hholl46,Shane Powers,2,Art,Spanish,Professional,10+ hours
ecruz16,Jeremy Chaney,2,Music,Anthropology,Media,3-5 hours
srami98,Thomas Guzman,4,Mathematics,Statistics,Media,5-10 hours
kschr88,Kimberly Estrada,3,Business,Business,Social,5-10 hours
jphil86,Norman Miller,2,Political Science,Business,Cultural,1-3 hours
tstou19,Desiree Haney,4,Communications,Statistics,Academic,3-5 hours
jjose51,Benjamin Johnson,4,Computer Science,Journalism,Arts,10+ hours
rpete53,Richard Ray,3,Psychology,Journalism,Technical,10+ hours
pbrow80,David Alvarez,2,Political Science,Art History,Arts,10+ hours
cwill29,Nicole Pearson,3,Communications,Linguistics,Professional,1-3 hours
dgree93,Brian Ward,1,Communications,Statistics,Social,5-10 hours
jgran33,Courtney Douglas,1,History,Music,Professional,1-3 hours
aherr60,Richard Chen,2,History,Business,Academic,10+ hours
clin51,Bradley Young,3,History,Spanish,Academic,1-3 hours
hgord50,Zachary Walker,2,Economics,Data Science,Arts,1-3 hours
rdono40,Zachary Harrison,4,Mathematics,Neuroscience,Media,1-3 hours
knels4,Veronica Dixon,3,Biology,Business,Social,5-10 hours
bolse90,Joshua Carroll,3,Art,Statistics,Professional,5-10 hours
jwash66,Sandy Smith,4,Business,Women's Studies,Academic,10+ hours
jhoga70,Daniel Coleman,2,Music,Data Science,Technical,1-3 hours
aloga31,Adam Parker,1,Physics,Data Science,Media,10+ hours
ajone53,Lisa Scott DDS,3,Physics,Journalism,Media,5-10 hours
chugh63,Michael Anderson,2,Business,Data Science,Media,1-3 hours
dthom82,Joshua Brown,3,History,Statistics,Academic,3-5 hours
rmorg89,Emily Miller,2,Psychology,Environmental Studies,Cultural,10+ hours
sprin76,Heather Daniels,3,Mathematics,Statistics,Arts,1-3 hours
phigg97,Lisa White,4,Communications,Data Science,Academic,10+ hours
mjone36,Julie Blair,3,Communications,Art History,Academic,10+ hours
eande63,Kenneth Miller,1,Music,Journalism,Professional,10+ hours
kmedi97,Casey Fisher,3,Computer Science,Neuroscience,Arts,1-3 hours
pshep30,William Jackson,4,Political Science,Spanish,Arts,10+ hours
jknap44,Elizabeth Mitchell,4,Art,Linguistics,Arts,3-5 hours
bmitc5,Diane Mack,2,Communications,Data Science,Professional,1-3 hours
kvega48,Jennifer Wagner,3,Biology,Spanish,Academic,1-3 hours
mgilb44,Tina Hodge,3,Biology,Spanish,Cultural,1-3 hours
amay56,Anne Hernandez,1,Mathematics,Spanish,Media,3-5 hours
amurr56,David Johnson,3,Psychology,Anthropology,Technical,1-3 hours
wbarr92,Brandon Lawson,4,English,Business,Technical,5-10 hours
asloa93,Thomas Sims,4,Music,Spanish,Media,1-3 hours
choga42,Julian Ewing,1,Music,Environmental Studies,Cultural,1-3 hours
tmitc99,Kenneth Hodges,3,Economics,Journalism,Media,5-10 hours
rrich89,Jason Lee,1,History,Linguistics,Professional,5-10 hours
dpark68,Lisa Richard,1,Biology,Neuroscience,Academic,10+ hours
tstan39,Jonathan Mercer,4,Psychology,Data Science,Technical,10+ hours
mgent55,Curtis Weber,3,Engineering,Environmental Studies,Technical,3-5 hours
kmart20,Jesse Ortiz,4,Business,Linguistics,Professional,3-5 hours
amcph16,Justin Cross,3,English,Theatre,Cultural,3-5 hours
ltayl87,Laura Lang,3,Physics,Neuroscience,Media,3-5 hours
aturn28,Justin Gibson,1,Computer Science,Business,Professional,1-3 hours
pmyer27,Troy Coleman,3,Economics,Data Science,Social,3-5 hours
kpaul95,Dr. James Garrett,3,Communications,Statistics,Cultural,1-3 hours
apace69,Becky Jones,2,Biology,Music,Professional,5-10 hours
klee54,Andrea Robinson,1,Psychology,Statistics,Arts,5-10 hours
hthom59,Anita Riddle,4,Chemistry,Environmental Studies,Academic,10+ hours
mflor70,Samantha Warren,3,Physics,Art History,Cultural,3-5 hours
mmeye29,Katelyn Pham,3,Business,Women's Studies,Social,10+ hours
wbake3,Seth Roberts,1,Music,Business,Cultural,5-10 hours
cblac44,Brian Walker,4,History,Theatre,Social,5-10 hours
mrobe46,Leah Moore,1,Art,Philosophy,Academic,5-10 hours
ehawk68,Cristian Cordova,2,Communications,Business,Professional,1-3 hours
bshep62,Nancy Bates,2,Communications,Art History,Technical,5-10 hours
jfros66,Kathleen Smith,1,Economics,Music,Cultural,1-3 hours
hcann84,Caitlin Rivas,1,Computer Science,Sociology,Academic,3-5 hours
lcuev43,Krystal Ross,1,Mathematics,Anthropology,Social,10+ hours
dmart98,Alejandra Webb,4,Business,Neuroscience,Professional,5-10 hours
kponc31,Brett Jones,1,Art,Anthropology,Cultural,10+ hours
kruss55,Candice Phillips,4,Engineering,Business,Social,3-5 hours
lmart85,Roy King,3,Communications,Anthropology,Social,5-10 hours
jboyd25,Mary Crawford,2,Psychology,Sociology,Professional,10+ hours
dhayn9,John Allen,1,Art,Neuroscience,Media,10+ hours
lrobl7,Eric Johnson,2,Engineering,Statistics,Social,1-3 hours
kwals27,Lee Reynolds,3,Physics,Sociology,Arts,10+ hours
cande50,Sharon Perry,1,Music,Spanish,Social,5-10 hours
gcrai1,Holly Mccoy,4,Physics,Neuroscience,Social,5-10 hours
pgibs93,Aaron Smith,4,Art,Environmental Studies,Technical,1-3 hours
pritt2,Justin Johnson,4,Art,Sociology,Arts,1-3 hours
sscot88,Lindsey Brown,2,Chemistry,Journalism,Technical,5-10 hours
nforb60,Derek Brown,1,Political Science,Statistics,Technical,1-3 hours
slyon90,Lisa Sellers,3,Art,Data Science,Academic,5-10 hours
sflor62,Dana Morris,4,Psychology,Journalism,Professional,1-3 hours
dhigg74,Eric Melton,2,Economics,Anthropology,Technical,1-3 hours
kburk22,Justin Gilmore,4,English,Data Science,Social,10+ hours
ecase8,Anthony Young,2,Engineering,Journalism,Professional,5-10 hours
gkent17,Joan Jefferson,4,Chemistry,Philosophy,Media,1-3 hours
kgreg37,Theresa Luna,3,Communications,Data Science,Professional,5-10 hours
nalva50,Jennifer Clark,3,History,Linguistics,Technical,10+ hours
cshan56,Robert Spencer,4,Political Science,Anthropology,Social,1-3 hours
lwolf62,Michael Ross,1,Political Science,Data Science,Technical,1-3 hours
ahuds82,Makayla Wells,2,Chemistry,Statistics,Academic,10+ hours
mstew2,Matthew Powell DDS,4,Engineering,Philosophy,Cultural,3-5 hours
jhard76,John Jensen,3,Business,Data Science,Cultural,10+ hours
rbald25,Scott Whitaker,3,Mathematics,Data Science,Social,10+ hours
mgrah63,Joseph Brooks,2,Biology,Spanish,Technical,3-5 hours
mlee93,Alejandro Price DDS,2,Engineering,Anthropology,Media,3-5 hours
scros55,Stacy Perez,3,Business,Linguistics,Media,1-3 hours
fhoop72,Marie Carney,1,History,Music,Media,1-3 hours
bmoor7,Dr. Kenneth Obrien,1,Physics,Spanish,Media,3-5 hours
jpage79,Derek Hernandez,2,History,Journalism,Professional,10+ hours
egome48,Matthew Winters,3,Communications,Theatre,Professional,5-10 hours
msmit65,Evelyn Garrett,3,Biology,Environmental Studies,Cultural,1-3 hours
prome48,Keith Gonzalez,2,English,Data Science,Arts,3-5 hours
ecole14,James Thompson,1,Music,Linguistics,Cultural,1-3 hours
akent84,John Walton,3,Political Science,Anthropology,Academic,5-10 hours
tjone49,Dawn Jones,4,Physics,Theatre,Cultural,10+ hours
jhall51,Joseph Watts,1,Psychology,Art History,Cultural,10+ hours
cbroo81,Nicholas Little,4,Psychology,Music,Academic,5-10 hours
csmit93,Angela Brown,3,Art,Sociology,Technical,1-3 hours
jstei51,Robert Butler,4,English,Linguistics,Professional,3-5 hours
sagui8,Katelyn Ferrell,3,Music,Theatre,Arts,5-10 hours
plope69,Jaime Rodriguez,3,English,Business,Social,1-3 hours
hmoor60,Sarah Hale,4,Physics,Anthropology,Academic,3-5 hours
msmit85,Edwin Moore,4,Mathematics,Statistics,Media,5-10 hours
awilk83,Eric Villanueva,3,Computer Science,Theatre,Technical,10+ hours
dleon93,Hannah Bridges,3,English,Statistics,Social,5-10 hours
gwest5,Kaitlin Cruz,3,Music,Environmental Studies,Arts,10+ hours
sjone4,Marcus Newman,3,Economics,Neuroscience,Cultural,5-10 hours
sdoyl30,Leslie Adams,4,Engineering,Statistics,Cultural,10+ hours
relli37,Jeffrey Evans,3,Biology,Data Science,Social,10+ hours
chall47,Vickie Curtis,4,Communications,Journalism,Arts,5-10 hours
lbrad47,Nicole Castro,3,Music,Music,Professional,3-5 hours
rorti46,Desiree Miller,4,Biology,Theatre,Social,5-10 hours
jsmit64,Marc Velez,1,English,Data Science,Academic,3-5 hours
sstep89,Tiffany Stanton,4,Computer Science,Environmental Studies,Social,10+ hours
bgonz37,James Bennett,4,Psychology,Linguistics,Social,1-3 hours
kashl12,Emily Griffin,4,Mathematics,Music,Academic,10+ hours
anguy32,Adam Thomas,3,Mathematics,Environmental Studies,Technical,10+ hours
ccrai99,Sarah Dominguez,2,Computer Science,Women's Studies,Social,10+ hours
jchap18,Aaron Garza,2,Computer Science,Spanish,Media,3-5 hours
djone37,Elizabeth Hammond,3,Computer Science,Data Science,Social,5-10 hours
evill80,Nancy Potter,1,Communications,Environmental Studies,Academic,10+ hours
elewi9,Patrick Taylor,4,Engineering,Neuroscience,Arts,5-10 hours
cwarr45,Jason Glass,3,English,Journalism,Technical,5-10 hours
hsmit29,Mary Barker,1,Music,Theatre,Professional,5-10 hours
khess85,Ashley Rojas,2,Economics,Business,Academic,10+ hours
acolo3,Ryan Smith,3,Economics,Philosophy,Academic,5-10 hours
hmill14,Alexis King,4,Engineering,Spanish,Media,3-5 hours
akeit47,Derek Herrera,3,Political Science,Music,Technical,5-10 hours
dcarr54,Glenda Garcia,4,Economics,Linguistics,Media,5-10 hours
sreil28,Tracy Wood,2,Business,Data Science,Cultural,3-5 hours
kbaut80,Andrew Hunter,1,Music,Environmental Studies,Technical,5-10 hours
jwils95,David Carroll,3,Physics,Spanish,Professional,5-10 hours
rblev4,George Hutchinson,2,Computer Science,Spanish,Cultural,10+ hours
kflyn87,Denise Kelley,2,History,Data Science,Technical,10+ hours
tdavi30,Connie Nelson,1,Business,Music,Academic,3-5 hours
adono76,Jessica Porter MD,2,Psychology,Philosophy,Academic,1-3 hours
pclar93,Patrick Hancock,2,Biology,Theatre,Media,10+ hours
jniel55,Michelle Conrad,2,Computer Science,Sociology,Media,5-10 hours
jbrya3,Erica Ramos,4,Physics,Art History,Professional,10+ hours
jdavi97,Nicole Wilson,4,English,Journalism,Media,5-10 hours
lho91,Sandra Hoover,1,Communications,Environmental Studies,Media,3-5 hours
jbrad89,Heather Lawson,1,English,Art History,Media,1-3 hours
tvega52,Valerie Yang,4,Music,Neuroscience,Arts,3-5 hours
schan88,Stefanie Alvarez,2,Chemistry,Business,Cultural,1-3 hours
sjack63,Nicholas Garcia,3,Political Science,Art History,Social,10+ hours
jelli29,Kristy Sims,3,Mathematics,Music,Academic,3-5 hours
jcamp80,Michelle Barrera,4,Engineering,Journalism,Social,10+ hours
treye87,Matthew Moore,4,Computer Science,Spanish,Technical,5-10 hours
lthom4,Deanna Weber,2,Mathematics,Neuroscience,Technical,1-3 hours
mrodr3,Scott Carson,3,Mathematics,Art History,Technical,10+ hours
emccl52,Isaiah Watson,1,Business,Philosophy,Arts,10+ hours
relli17,Tiffany Sanchez DDS,3,English,Anthropology,Media,10+ hours
khuan3,Joyce Nicholson,2,Computer Science,Spanish,Cultural,10+ hours
mcobb86,Peter Nguyen,2,English,Environmental Studies,Professional,1-3 hours
krios89,Shawn Brown,2,Business,Business,Social,5-10 hours
jdani52,Jesse Lynch,3,Mathematics,Sociology,Technical,1-3 hours
cbutl26,Tiffany Terrell,1,English,Neuroscience,Cultural,5-10 hours
mcald76,Barry Dunn,2,Business,Women's Studies,Technical,5-10 hours
lcunn68,Sheila Zimmerman,1,Communications,Theatre,Academic,5-10 hours
aowen18,Barbara Hayes,4,Music,Sociology,Arts,1-3 hours
jzuni59,Kathy Williams PhD,3,Mathematics,Journalism,Media,10+ hours
criva65,Mallory Sanchez,4,Psychology,Philosophy,Academic,3-5 hours
kgill45,Claudia Thompson,4,English,Women's Studies,Media,10+ hours
rreye16,Jack Morgan,1,Political Science,Spanish,Academic,10+ hours
shopk22,Carlos Hurst,4,Biology,Music,Media,5-10 hours
mbeck88,Lisa Molina,4,Music,Anthropology,Arts,5-10 hours
ajohn32,Scott Johnson,2,Computer Science,Anthropology,Technical,10+ hours
eburt62,Krystal Delgado,1,Physics,Business,Media,1-3 hours
mevan16,Dalton Freeman DDS,4,Physics,Business,Cultural,10+ hours
rlynn68,Rebecca Lara,3,Engineering,Spanish,Arts,1-3 hours
lluca80,Rachel Kent,2,Psychology,Anthropology,Professional,1-3 hours
bpott44,Rebecca Perez,4,Psychology,Anthropology,Social,1-3 hours
wmart13,Jessica Smith,3,Business,Philosophy,Professional,5-10 hours
jhoff15,John Rodriguez,2,Music,Neuroscience,Academic,10+ hours
nmile32,Rachel Washington,2,Economics,Art History,Cultural,3-5 hours
mmill52,Clifford Martin,4,Chemistry,Data Science,Technical,1-3 hours
lcole15,David Lyons,2,Biology,Journalism,Cultural,5-10 hours
mburn40,Vanessa Vincent,4,Communications,Spanish,Technical,10+ hours
ldavi98,Cassandra Reynolds,4,Business,Business,Social,3-5 hours
cmill50,Amanda Frazier,2,Physics,Theatre,Media,1-3 hours
asull70,Lisa Thomas,1,Mathematics,Women's Studies,Media,5-10 hours
rbank27,Michael Cox,4,Computer Science,Environmental Studies,Professional,10+ hours
msilv93,Justin Hart,1,Biology,Environmental Studies,Social,3-5 hours
cwill90,Joseph Chase,3,Computer Science,Philosophy,Social,5-10 hours
rmorg82,Martin Garcia,1,Music,Music,Technical,3-5 hours
okrau79,Brittany Murphy,4,Chemistry,Art History,Arts,3-5 hours
ahall45,Trevor Williams,4,Art,Environmental Studies,Arts,5-10 hours
pcohe74,Mary Buchanan,1,Chemistry,Neuroscience,Social,10+ hours
dhern69,Diana Guerra,2,Communications,Neuroscience,Academic,3-5 hours
jscot33,Joseph Carter,1,Communications,Business,Professional,3-5 hours
kandr70,Lisa Berger,1,Economics,Theatre,Social,1-3 hours
bdelg87,Leah Wolfe,2,Physics,Statistics,Professional,3-5 hours
lbrow58,Tracy Beard,2,Engineering,Anthropology,Technical,10+ hours
dross91,James Smith,1,Biology,Women's Studies,Arts,3-5 hours
rduar14,Kevin Gay,3,English,Environmental Studies,Arts,1-3 hours
jruss19,Fred Hale,4,Physics,Women's Studies,Academic,3-5 hours
cmyer42,Carla Jordan,2,Biology,Environmental Studies,Professional,3-5 hours
kdean42,Alexis Johnston,3,Psychology,Philosophy,Technical,1-3 hours
kwalk25,Thomas Burns,4,Business,Spanish,Technical,10+ hours
broge85,Jeremy Davis,1,Political Science,Philosophy,Professional,1-3 hours
gkirb81,Joshua Robertson,1,Chemistry,Statistics,Social,5-10 hours
chall79,Debra Walton,3,Physics,Art History,Academic,10+ hours
sgood21,Juan Brewer,2,Chemistry,Business,Academic,1-3 hours
ddavi31,Maria Kim,4,English,Environmental Studies,Cultural,5-10 hours
fmerc34,Harold Barrera,2,Communications,Data Science,Cultural,5-10 hours
kolso66,Erica Wells,3,Business,Anthropology,Technical,3-5 hours
jkenn60,Justin Jackson,3,Business,Music,Arts,5-10 hours
smatt92,Donald Griffin,1,Art,Philosophy,Academic,10+ hours
hwhit41,Gregory Wright,1,History,Statistics,Academic,10+ hours
mcart55,Rachel Goodman,3,Art,Anthropology,Social,5-10 hours
csimm39,James Lindsey,4,Political Science,Linguistics,Media,10+ hours
rpete16,Edward Blackburn,2,Physics,Anthropology,Media,10+ hours
jmatt18,Jacob Terry,2,Mathematics,Environmental Studies,Cultural,1-3 hours
awils96,Jerry Rios,4,English,Business,Cultural,1-3 hours
mpars75,Tammy Warren,4,Art,Linguistics,Academic,5-10 hours
jswee49,Steven Hunt,4,Psychology,Music,Media,5-10 hours
ssant80,Timothy Fields,2,Communications,Women's Studies,Social,5-10 hours
cjohn58,Philip Wood,2,Music,Linguistics,Cultural,5-10 hours
twarn9,Richard Torres,2,Psychology,Environmental Studies,Arts,10+ hours
ssant4,Julie Wagner,4,History,Philosophy,Professional,5-10 hours
bbrow85,James Lee,3,Engineering,Spanish,Social,5-10 hours
cjime99,Jennifer Christensen,3,English,Music,Cultural,5-10 hours
dwats48,Joseph Galloway,3,Business,Music,Technical,1-3 hours
khaye94,Corey Johnson,4,Engineering,Environmental Studies,Academic,3-5 hours
llope39,Jessica Fuentes,4,Psychology,Data Science,Social,10+ hours
mjohn9,Tara Hicks,4,Art,Theatre,Media,3-5 hours
rengl89,Kristin Dunn,2,Art,Anthropology,Cultural,3-5 hours
mspen82,Amanda Rodriguez,4,Art,Anthropology,Media,10+ hours
jadam72,Stephen Bush,4,Economics,Art History,Academic,3-5 hours
jfred76,Heather Wagner,1,Physics,Women's Studies,Academic,5-10 hours
jgarc54,Lisa Khan,1,Political Science,Spanish,Social,1-3 hours
lrowl24,Kathleen Clayton,1,History,Neuroscience,Arts,10+ hours
eguer71,Thomas Myers,1,Mathematics,Linguistics,Professional,10+ hours
kmoor99,Steve Maldonado,1,Political Science,Theatre,Cultural,5-10 hours
smora5,Charlotte Ramsey,1,Computer Science,Women's Studies,Technical,5-10 hours
jzimm49,James Bishop,3,Mathematics,Women's Studies,Technical,10+ hours
dperr36,Ray Savage,4,Political Science,Neuroscience,Cultural,1-3 hours
asand38,Margaret Cox,4,Political Science,Philosophy,Cultural,10+ hours
abrow90,Jason Wilcox,4,Economics,Journalism,Media,10+ hours
khill62,Matthew Boyd,2,Engineering,Sociology,Media,10+ hours
mwils27,Christopher Jimenez,4,Art,Environmental Studies,Academic,5-10 hours
amcke2,Patrick Ibarra PhD,2,English,Spanish,Arts,10+ hours
cjohn53,Jeffrey Pierce,3,English,Philosophy,Cultural,5-10 hours
nmora95,Christine Greene,4,Psychology,Neuroscience,Media,1-3 hours
ajone82,Chase Reynolds,3,History,Linguistics,Media,3-5 hours
pmurp25,Richard Kennedy,4,Engineering,Music,Academic,1-3 hours
hwhee39,Nicole Henderson,3,Physics,Environmental Studies,Arts,5-10 hours
jsmit86,Kelly Burke,4,Music,Anthropology,Media,5-10 hours
pbens51,Kelly White,1,Political Science,Environmental Studies,Cultural,1-3 hours
sblan10,Allison Jennings,4,Music,Neuroscience,Professional,5-10 hours
dgeor8,Eric Wheeler,2,Music,Art History,Cultural,5-10 hours
aprin50,Candace Bryant,2,Biology,Music,Media,3-5 hours
vhall73,Gary Griffin,3,Art,Music,Social,10+ hours
dmyer45,Yesenia Robinson,2,Physics,Journalism,Technical,3-5 hours
djenk9,Julian Arroyo,4,Psychology,Sociology,Arts,10+ hours
ksmit75,Angela Rivas,1,History,Women's Studies,Media,5-10 hours
mriva8,Mitchell Wood,2,Engineering,Journalism,Academic,5-10 hours
rheat60,Denise Hogan,2,English,Anthropology,Professional,5-10 hours
ksawy77,Russell Roach,2,Mathematics,Anthropology,Arts,5-10 hours
kruss69,Jessica Harmon,4,Psychology,Business,Cultural,3-5 hours
gcamp14,Gary Hunter,4,English,Spanish,Media,10+ hours
cmidd31,Barbara Brown,3,Communications,Spanish,Media,1-3 hours
fgonz89,Amanda Davis DVM,1,History,Data Science,Social,10+ hours
sthom45,Sarah Schmidt,1,Art,Business,Cultural,3-5 hours
arobi73,Alexa Phillips,3,Music,Anthropology,Social,5-10 hours
zponc77,Rodney Davis DVM,1,Psychology,Neuroscience,Arts,3-5 hours
kcoll40,Tiffany Golden,1,History,Sociology,Academic,3-5 hours
kwhit4,Renee Trevino,4,Business,Theatre,Academic,3-5 hours
dibar46,Charles Valenzuela,1,Psychology,Linguistics,Social,1-3 hours
cscot47,Nicole Pierce,1,Engineering,Data Science,Technical,3-5 hours
swise3,Cassandra Bridges,4,Communications,Linguistics,Professional,1-3 hours
cgarr56,Samantha Brown,2,Business,Statistics,Cultural,10+ hours
jcoll76,Karen Lopez,4,English,Data Science,Arts,10+ hours
jshep7,Brandon Chapman,4,Engineering,Linguistics,Professional,3-5 hours
twarr49,Kathy Lopez,3,Psychology,Anthropology,Academic,5-10 hours
jhick39,James Silva,2,Economics,Anthropology,Academic,5-10 hours
ccruz4,Jeanette Page,2,Physics,Journalism,Academic,1-3 hours
anels85,Ashley Garrett,1,Mathematics,Sociology,Cultural,1-3 hours
jgarc44,Jordan Alexander,1,English,Philosophy,Media,1-3 hours
acarl81,Jake Lane,2,Chemistry,Theatre,Social,1-3 hours
amill23,Eric Fletcher,3,Business,Environmental Studies,Arts,5-10 hours
kgome2,Brittany Chandler,3,Art,Theatre,Academic,1-3 hours
arami97,Harold Diaz,1,Political Science,Journalism,Technical,5-10 hours
ktran16,Rodney Gray,3,History,Theatre,Technical,1-3 hours
dblac85,Rodney Simmons,2,Communications,Spanish,Media,10+ hours
ljeff61,Clarence Luna,3,Political Science,Anthropology,Academic,3-5 hours
jlars96,Justin Tran,2,Engineering,Theatre,Cultural,5-10 hours
cchan13,Brandon Petersen,1,Biology,Linguistics,Academic,5-10 hours
dgood86,Lisa Maldonado,1,Chemistry,Environmental Studies,Technical,5-10 hours
rboye1,Cassandra Hurst,2,History,Music,Social,1-3 hours
mhill79,Bonnie Cook,1,English,Music,Media,10+ hours
nspar59,Brian Washington,2,Art,Journalism,Professional,5-10 hours
amurp78,Jeffery Fuller,4,Political Science,Linguistics,Media,10+ hours
jevan94,Melanie Anderson,1,Art,Data Science,Cultural,5-10 hours
dconn38,Mary Branch,4,Economics,Environmental Studies,Social,10+ hours
dbrya16,Christopher Rivera,4,History,Environmental Studies,Media,1-3 hours
rmedi95,Jonathan Gardner,1,English,Neuroscience,Social,10+ hours
abrow96,Kim Washington,3,Economics,Women's Studies,Professional,10+ hours
ehall79,Audrey Mcintyre,4,Mathematics,Music,Professional,5-10 hours
jjohn18,Lori Jones,1,Computer Science,Sociology,Technical,10+ hours
gwill41,Darrell Griffin,4,Computer Science,Neuroscience,Academic,1-3 hours
cwill53,Shelby Adkins,2,Computer Science,Philosophy,Social,10+ hours
jdrak78,Kelly Mills,4,English,Environmental Studies,Social,5-10 hours
lwood17,Stephanie Roberts,3,Political Science,Statistics,Cultural,1-3 hours
jland22,Robin Goodman,2,Music,Spanish,Media,1-3 hours
jthom34,Lucas Pittman,1,Communications,Journalism,Cultural,3-5 hours
dnels43,Kristin Wilson,3,Economics,Sociology,Professional,3-5 hours
cblak9,Kyle Snyder,3,Business,Music,Media,10+ hours
bhobb80,Jennifer Hunter,2,Communications,Music,Cultural,10+ hours
mmcin98,Monique Miranda,2,Biology,Music,Academic,10+ hours
pschu2,Travis Quinn,2,Art,Data Science,Cultural,3-5 hours
ajohn9,Riley Parker,3,Physics,Anthropology,Technical,3-5 hours
dgonz40,Mitchell Gonzalez,2,Computer Science,Data Science,Social,10+ hours
bbrow50,Sally Hill,4,Biology,Women's Studies,Academic,10+ hours
mcars51,Mrs. Rebecca Ritter MD,4,Biology,Environmental Studies,Professional,1-3 hours
mlope10,Michael Jenkins,3,Political Science,Journalism,Social,5-10 hours
lsali34,Julie Casey,1,History,Women's Studies,Academic,3-5 hours
amoor98,Troy Larson,1,History,Art History,Professional,10+ hours
mthom80,Benjamin Campbell,1,Computer Science,Journalism,Cultural,10+ hours
amoon28,Tyler Ward,1,Mathematics,Neuroscience,Cultural,3-5 hours
jmitc81,Elizabeth Garner,1,Physics,Music,Cultural,3-5 hours
crosa25,Steven Aguirre,4,Communications,Spanish,Arts,1-3 hours
shend55,Christine Davis,1,Art,Art History,Arts,10+ hours
sknox63,David Watkins,2,Political Science,Linguistics,Cultural,5-10 hours
aande17,Katelyn Hernandez,4,Biology,Statistics,Arts,10+ hours
mtayl81,Lisa Barton,1,English,Environmental Studies,Media,10+ hours
cstew63,Charlene Klein,2,Mathematics,Business,Media,1-3 hours
pglas40,Amy Coleman,2,Mathematics,Business,Media,10+ hours
djohn40,Robin Anderson,2,Music,Sociology,Social,3-5 hours
npett19,Diane Sanchez,4,Business,Statistics,Technical,1-3 hours
jlee55,Jack Lozano,4,Art,Music,Academic,10+ hours
pharr42,Kimberly Castro,4,Chemistry,Women's Studies,Arts,5-10 hours
kedwa37,John George,1,Music,Theatre,Arts,3-5 hours
kalex33,Jesus Hernandez,3,Engineering,Journalism,Cultural,3-5 hours
cschm16,Anthony Sherman,4,Art,Statistics,Arts,3-5 hours
cburn59,Kimberly Bray,1,Computer Science,Anthropology,Cultural,5-10 hours
dmayn17,Marcus Torres,4,Computer Science,Business,Professional,10+ hours
jacos58,Mr. Charles Pugh,4,History,Data Science,Technical,5-10 hours
alewi45,Zachary Williams,4,Computer Science,Anthropology,Social,10+ hours
rhowe3,Jessica Steele,2,Mathematics,Neuroscience,Social,5-10 hours
treed96,Kevin Pena,2,Music,Music,Media,1-3 hours
glewi80,Amber Nixon,2,Economics,Neuroscience,Academic,1-3 hours
awash67,Sandra Woods,4,English,Environmental Studies,Technical,10+ hours
jhaye41,Michelle Dodson,2,Computer Science,Music,Social,10+ hours
gcrai6,Christopher Hill,2,Biology,Sociology,Cultural,5-10 hours
mwood81,Harry Kennedy,4,Chemistry,Women's Studies,Arts,10+ hours
mmora89,Sheri Carrillo,2,Business,Art History,Technical,1-3 hours
acort83,Derrick Smith,3,Communications,Journalism,Professional,1-3 hours
ahamm11,Sandy Barrett,2,Computer Science,Data Science,Arts,3-5 hours
wrive94,Jacob Wise,3,Computer Science,Music,Cultural,3-5 hours
csell86,Jennifer Gomez,1,Psychology,Art History,Arts,3-5 hours
jmcma90,Zoe Anderson,2,Economics,Data Science,Cultural,5-10 hours
dmart9,Nathan Martin,4,Art,Philosophy,Media,3-5 hours
rflow23,Julie White,4,Computer Science,Environmental Studies,Academic,5-10 hours
bgonz71,Blake Smith,3,Mathematics,Data Science,Media,10+ hours
bpark42,Jason Ramos,4,Psychology,Art History,Cultural,10+ hours
pdavi65,Angela Cooper,3,Mathematics,Sociology,Professional,5-10 hours
pguti78,Mandy Green,3,Engineering,Data Science,Technical,3-5 hours
mbald17,Connor Guerra,4,History,Statistics,Professional,1-3 hours
lmonr83,Timothy Lin,3,Psychology,Philosophy,Cultural,10+ hours
morti80,Stephanie Martinez,2,Mathematics,Women's Studies,Social,1-3 hours
jgood46,Heather Roman,3,Economics,Data Science,Technical,3-5 hours
nchan27,Cheryl Nguyen,1,Chemistry,Anthropology,Technical,1-3 hours
mmore74,Rebecca Mullins,2,Psychology,Business,Technical,5-10 hours
swall1,Rachel Burke,3,Chemistry,Business,Arts,1-3 hours
sharp19,Terry Arnold,2,Political Science,Neuroscience,Academic,1-3 hours
kgarn54,Michael Ramos,1,Biology,Environmental Studies,Media,1-3 hours
cdiaz64,Brian Henry,1,Mathematics,Art History,Professional,1-3 hours
ajone51,Kimberly James,1,Psychology,Sociology,Social,1-3 hours
nmore61,Robert Hunt,2,Chemistry,Music,Professional,10+ hours
mperr70,Jerome Allison,4,English,Environmental Studies,Professional,1-3 hours
kroge54,Michelle Sutton,1,History,Data Science,Technical,1-3 hours
lharr70,Catherine Bean,4,English,Statistics,Social,3-5 hours
ljone60,Joseph Scott,2,Economics,Sociology,Social,3-5 hours
wparr55,Michelle Mcdonald,1,Communications,Neuroscience,Cultural,3-5 hours
msing45,Sarah Cox,3,Physics,Business,Arts,3-5 hours
spere9,Jeffrey Le,4,Art,Spanish,Technical,5-10 hours
kday41,Karen Ruiz,4,Political Science,Statistics,Media,5-10 hours
tfish60,Rebecca Kirk,2,Business,Music,Cultural,3-5 hours
bfuen46,Walter Franklin,4,Chemistry,Spanish,Professional,3-5 hours
kburc92,Theresa Wolfe,3,History,Sociology,Social,3-5 hours
cpowe26,Kimberly Crawford,1,English,Linguistics,Professional,3-5 hours
abowe86,Stephanie West,4,English,Theatre,Arts,3-5 hours
amedi15,Raymond Smith,1,Computer Science,Music,Academic,3-5 hours
srami59,Kimberly Curry,2,Music,Neuroscience,Social,3-5 hours
cbest45,Kimberly Brown,4,Economics,Linguistics,Technical,10+ hours
fhaye63,Amanda Craig,1,Political Science,Journalism,Arts,5-10 hours
mmora24,John Valdez,3,Mathematics,Data Science,Professional,5-10 hours
mjone78,Bruce Sanders,3,Art,Women's Studies,Professional,10+ hours
rgonz37,Kenneth Garcia,2,History,Business,Social,10+ hours
msnyd41,Alicia Baker,1,Computer Science,Neuroscience,Professional,3-5 hours
jaria22,Mr. Michael Wu,2,Psychology,Art History,Technical,1-3 hours
mhart34,Victoria Thomas,4,Mathematics,Anthropology,Professional,3-5 hours
treye82,Erin Campbell,1,Physics,Theatre,Professional,5-10 hours
csoto51,Daniel Greene,4,Art,Data Science,Professional,1-3 hours
rmuel12,Nicole Hall,3,Business,Business,Cultural,3-5 hours
dhorn70,Edward Atkinson,4,Business,Journalism,Cultural,5-10 hours
twill81,Robert Gonzalez,2,Business,Art History,Social,1-3 hours
jholm5,Mary Morgan,1,Music,Journalism,Technical,10+ hours
aespi12,Rachel Clark,4,Music,Statistics,Professional,10+ hours
ahoov98,Kimberly Klein MD,3,Engineering,Anthropology,Arts,3-5 hours
bmill52,Richard Moses,3,Biology,Women's Studies,Media,1-3 hours
welli20,Nicholas Walker,2,Music,Sociology,Media,3-5 hours
ajohn56,Erin Taylor,3,Mathematics,Linguistics,Media,10+ hours
egree93,Mary Wall,3,Political Science,Spanish,Professional,10+ hours
jrive33,Zachary Taylor,2,Music,Spanish,Academic,3-5 hours
mlee95,Michael Mcdonald,2,Mathematics,Anthropology,Cultural,1-3 hours
rmacd78,Charles Hardy,4,Biology,Statistics,Media,1-3 hours
jwils60,Daisy Aguilar,3,History,Philosophy,Technical,10+ hours
mdixo37,Hayden Torres,3,Physics,Music,Academic,5-10 hours
jruiz98,Christopher Evans,4,Psychology,Art History,Media,1-3 hours
ttuck23,Michelle Floyd,4,Mathematics,Neuroscience,Academic,5-10 hours
anort89,Ronald Lopez,4,Political Science,Statistics,Social,5-10 hours
stayl45,Jessica Marshall,4,Economics,Neuroscience,Academic,3-5 hours
djenk68,Todd Hill,4,Physics,Sociology,Academic,5-10 hours
ctayl14,Bradley Davidson,2,Mathematics,Business,Arts,5-10 hours
pwhit22,Jennifer David,3,Computer Science,Neuroscience,Academic,10+ hours
aclar78,Allison Patterson,1,English,Music,Professional,5-10 hours
ehall23,Travis Davis,2,Business,Philosophy,Social,1-3 hours
agonz29,Joseph Snyder,3,Political Science,Music,Social,1-3 hours
jgeor80,Kayla Brown,4,Communications,Spanish,Academic,1-3 hours
asull36,Teresa Smith,2,Mathematics,Environmental Studies,Technical,10+ hours
mbarn61,Marcus Caldwell,1,Chemistry,Data Science,Cultural,5-10 hours
clync52,Mr. Joshua Wheeler,2,Biology,Spanish,Academic,10+ hours
jport40,Tyler Stephenson,3,Political Science,Philosophy,Social,1-3 hours
nreye21,Anthony Christensen,1,Engineering,Business,Media,3-5 hours
dcoop8,Raymond Branch,2,Computer Science,Music,Professional,3-5 hours
msmit95,Paul Johnson,2,Chemistry,Statistics,Media,10+ hours
rhaye18,Tracy Clark DDS,1,History,Environmental Studies,Academic,1-3 hours
sgarc5,Crystal Patel,4,Mathematics,Anthropology,Technical,3-5 hours
dadam64,Jody Ward,1,Mathematics,Environmental Studies,Academic,10+ hours
nwelc6,Kevin Moore,1,Art,Women's Studies,Technical,10+ hours
tkenn4,James Schroeder,1,Political Science,Journalism,Social,10+ hours
cthor73,Charles Garcia,4,Art,Neuroscience,Cultural,10+ hours
nfros77,Christian Carrillo,2,Mathematics,Spanish,Media,5-10 hours
jhaye52,Edward Rodriguez,3,Mathematics,Theatre,Arts,5-10 hours
crodg5,Emily Simpson,4,Mathematics,Philosophy,Arts,5-10 hours
sharp74,Jared Perez,3,Economics,Statistics,Media,1-3 hours
sfred33,Nathan Wells,2,Mathematics,Linguistics,Academic,5-10 hours
bfran7,Stephanie Greene,1,Music,Statistics,Technical,3-5 hours
slewi21,Tracy Joseph,1,Chemistry,Music,Academic,5-10 hours
cmill81,Roberto Burton,2,Biology,Philosophy,Media,10+ hours
cjack5,Isabella Rhodes,1,History,Sociology,Professional,1-3 hours
cwatt85,Cathy Cruz,3,History,Linguistics,Professional,3-5 hours
smora14,Alicia Crawford,3,Psychology,Statistics,Arts,5-10 hours
tstev92,Brandon Young,4,Psychology,Data Science,Cultural,5-10 hours
mwhit11,Jennifer Robinson,1,English,Philosophy,Media,10+ hours
kbish37,Patrick Miller,4,Political Science,Philosophy,Technical,1-3 hours
cmcki25,Jacob Flowers,1,English,Women's Studies,Arts,1-3 hours
astaf90,Stephanie White,4,Business,Data Science,Technical,10+ hours
cware97,Robert Miller,1,Biology,Business,Professional,10+ hours
jvarg82,Erik Smith,3,Political Science,Theatre,Professional,1-3 hours
rhopk93,Charles Coleman,3,English,Sociology,Media,5-10 hours
mrodr50,Eric Duncan,3,Mathematics,Business,Media,5-10 hours
slope79,John Ayala,3,Political Science,Women's Studies,Technical,10+ hours
mdoyl11,Daniel Sanchez,4,Mathematics,Art History,Cultural,5-10 hours
jclar5,Alexander Black,3,English,Art History,Social,10+ hours
jestr47,Jessica Smith,4,Chemistry,Environmental Studies,Social,5-10 hours
rjohn72,Brian Campbell,3,Business,Anthropology,Academic,3-5 hours
cyoun39,Terri Banks,1,Physics,Spanish,Arts,5-10 hours
sridd17,Christopher Taylor,1,Economics,Anthropology,Academic,1-3 hours
ajohn20,Eric Yates,3,History,Neuroscience,Social,5-10 hours
rhous69,Briana Hammond,4,Business,Women's Studies,Arts,5-10 hours
kthom65,Elizabeth Gardner,4,Mathematics,Environmental Studies,Media,10+ hours
asnow6,Steven Soto,4,Art,Environmental Studies,Social,10+ hours
jlewi31,Daniel Dickerson,1,History,Sociology,Arts,5-10 hours
dmald94,Jessica Rodriguez,2,Business,Theatre,Professional,3-5 hours
kstev13,Christy Daniels,4,History,Music,Cultural,1-3 hours
krice6,Katherine Sullivan,1,Art,Environmental Studies,Technical,1-3 hours
kcoop74,Jennifer Perez,2,Psychology,Neuroscience,Social,3-5 hours
sflow30,Kelly Garcia,4,English,Linguistics,Social,1-3 hours
showa78,Courtney Rivera,2,Psychology,Anthropology,Technical,10+ hours
adani82,James Smith,4,Chemistry,Philosophy,Cultural,1-3 hours
kpark23,Cody Watson,4,English,Art History,Social,10+ hours
sbish34,Andrew Sullivan,3,History,Anthropology,Academic,3-5 hours
sdani75,Shannon Torres,1,Economics,Anthropology,Media,5-10 hours
treed73,Vicki Gross,1,Economics,Women's Studies,Cultural,5-10 hours
vbarn46,Mrs. Tammy Hunt,2,Communications,Journalism,Professional,10+ hours
sharr37,Tina Mclean,3,Communications,Statistics,Professional,3-5 hours
kjone58,Aaron Orr,3,Physics,Neuroscience,Academic,10+ hours
chend19,Jason Kennedy,1,Biology,Neuroscience,Academic,10+ hours
mjohn68,Cristian Velazquez,3,Chemistry,Sociology,Media,5-10 hours
cmack11,Brittney Wade,4,Physics,Theatre,Professional,1-3 hours
mperr84,Juan Osborne,3,Physics,Women's Studies,Cultural,10+ hours
jnels14,Donna Smith,2,Economics,Sociology,Academic,3-5 hours
asoto55,Jennifer Henderson,2,Engineering,Theatre,Media,10+ hours
nmuno57,Adrian Gould,4,Biology,Statistics,Cultural,10+ hours
rhuyn61,Kristen Mejia,3,Computer Science,Theatre,Technical,3-5 hours
dgain59,Virginia Steele,1,Mathematics,Anthropology,Technical,5-10 hours
rbake35,Brandy Russell,4,Chemistry,Neuroscience,Social,10+ hours
rjone24,Gregory Simmons,4,Engineering,Anthropology,Media,10+ hours
tacev3,Brenda Aguilar,1,Chemistry,Theatre,Media,1-3 hours
docon61,Mr. Daniel King,3,Biology,Business,Cultural,10+ hours
mkent59,Scott Hoover,1,Biology,Art History,Media,5-10 hours
pclem33,Daniel Oliver,4,Psychology,Neuroscience,Cultural,3-5 hours
nalva77,Melody Mcmahon,1,Physics,Philosophy,Social,5-10 hours
arami22,Denise Henry,1,Biology,Theatre,Technical,5-10 hours
jwhit77,Julie Wright,3,English,Journalism,Cultural,5-10 hours
bholl80,Stephanie Gonzales,4,Psychology,Philosophy,Professional,5-10 hours
psmit5,Frank Carter,3,Chemistry,Art History,Arts,10+ hours
lsmit36,Scott Ortiz,4,Communications,Statistics,Technical,10+ hours
rperk60,Holly Rose,4,Computer Science,Statistics,Technical,10+ hours
kbrow82,David Cobb,3,Business,Sociology,Academic,1-3 hours
vashl95,Stephanie Brown,1,Physics,Statistics,Technical,5-10 hours
vgarc88,Erica Martin,4,Psychology,Statistics,Professional,1-3 hours
lshie68,Brett Chase,2,Psychology,Statistics,Technical,1-3 hours
sbake32,Tracy Owens,1,Engineering,Philosophy,Professional,3-5 hours
kwrig72,David Kelly,2,History,Journalism,Technical,1-3 hours
anguy91,Jessica Johnson,4,Music,Music,Social,10+ hours
ahart97,Mark Collins,4,Communications,Theatre,Cultural,1-3 hours
smart88,Wanda Maldonado,3,English,Neuroscience,Arts,1-3 hours
acruz16,Nancy Williams,3,Engineering,Sociology,Social,5-10 hours
cjone82,Yvette Ball,3,Psychology,Music,Academic,3-5 hours
tmcin5,Michael Powell,1,Computer Science,Theatre,Cultural,10+ hours
jbrau83,Ryan Rodgers,1,Physics,Theatre,Social,1-3 hours
cande23,Mary Cox,4,Music,Business,Cultural,5-10 hours
sbenj50,Timothy Luna,1,Art,Statistics,Cultural,10+ hours
mjack51,Nicholas White,2,Chemistry,Philosophy,Cultural,10+ hours
bmart35,Shawn Moore,1,Chemistry,Business,Technical,1-3 hours
ajame46,Marissa Perkins,1,Music,Data Science,Media,3-5 hours
smeye15,Karen Washington,2,Chemistry,Philosophy,Arts,10+ hours
eande50,Marc Mccall,4,Communications,Neuroscience,Media,3-5 hours
jgeor20,Ms. Caitlin Walsh,2,Art,Data Science,Media,3-5 hours
mgard33,Daniel Morrison,1,Biology,Art History,Media,1-3 hours
sdavi59,Linda Bean,1,Psychology,Spanish,Technical,3-5 hours
arams1,Andre Mcgee,2,Business,Music,Social,1-3 hours
agonz78,Kevin Cox,4,Engineering,Theatre,Media,1-3 hours
gkent1,Tammy Larsen,2,Computer Science,Data Science,Professional,10+ hours
tthom44,Alicia Hawkins,1,Physics,Business,Media,5-10 hours
tsmit95,Nicole Adams,2,Chemistry,Statistics,Cultural,5-10 hours
kmart40,Stephanie Cole,3,English,Music,Arts,10+ hours
hcerv58,Maria Mason,1,Art,Theatre,Cultural,5-10 hours
rbook89,Timothy Anderson,2,Physics,Business,Arts,10+ hours
mlitt57,William Jacobs,4,Economics,Journalism,Media,5-10 hours
fyoun81,Kelly Bowen,3,Music,Theatre,Professional,10+ hours
spere29,Jason Allen,1,Economics,Neuroscience,Social,1-3 hours
sharr10,Michael Lynch,2,Psychology,Anthropology,Media,5-10 hours
llawr14,Brenda Garza,3,Political Science,Journalism,Media,5-10 hours
stayl38,Diana Kim,4,Music,Spanish,Cultural,3-5 hours
jmart57,Amy Le,4,Chemistry,Philosophy,Media,1-3 hours
rhard88,James George,3,Economics,Music,Media,3-5 hours
blowe11,Miguel Thomas,1,Engineering,Anthropology,Arts,10+ hours
ddavi39,Scott Webster,4,Communications,Theatre,Media,1-3 hours
eharm75,Scott Moore,3,Economics,Theatre,Professional,10+ hours
dhamm8,Peter Stevens,2,Communications,Statistics,Arts,10+ hours
jlowe24,Patrick Franco,1,Art,Theatre,Social,10+ hours
choov65,Ann Wallace,2,Biology,Business,Arts,5-10 hours
mevan29,Jacob Simpson,4,English,Spanish,Technical,1-3 hours
njohn74,Michael Martin,4,Art,Theatre,Technical,3-5 hours
ghowa5,Melinda Kirk,2,Psychology,Statistics,Technical,3-5 hours
mmcgr83,Becky Mayo,2,Mathematics,Environmental Studies,Arts,10+ hours
jwall56,Angela Baker,2,Mathematics,Data Science,Cultural,10+ hours
jthom44,Eric Rivera,3,Economics,Music,Arts,3-5 hours
cperr25,Crystal English,2,Physics,Journalism,Social,10+ hours
mheat81,Ann Neal,1,Music,Linguistics,Media,5-10 hours
vking58,Alyssa Doyle,1,History,Sociology,Academic,3-5 hours
mlyon96,David Potter,3,Mathematics,Environmental Studies,Academic,3-5 hours
jgree21,Renee Bradford,2,English,Sociology,Academic,10+ hours
mbish60,Samantha Anderson,1,Communications,Women's Studies,Academic,1-3 hours
jhill15,Kristina Yu,1,Chemistry,Business,Technical,1-3 hours
bwils37,Jenna Jones,3,History,Art History,Technical,5-10 hours
mbrad47,Christina Crawford,2,Mathematics,Theatre,Arts,5-10 hours
khall33,Karen Fuentes,4,Economics,Music,Professional,10+ hours
jjone41,Frank Reyes,4,Art,Linguistics,Social,1-3 hours
mreye48,John Webb,2,Mathematics,Journalism,Technical,1-3 hours
rlee89,Paul Cook,4,Psychology,Statistics,Academic,10+ hours
cvinc42,Kenneth Gomez,2,English,Music,Arts,10+ hours
rgill13,Leah Johnson,1,Psychology,Journalism,Professional,3-5 hours
fpete89,Tina Williams,4,Engineering,Music,Cultural,5-10 hours
cburt49,Richard Hughes,1,English,Music,Technical,10+ hours
mmore90,Adam Norris,1,Physics,Spanish,Academic,3-5 hours
mvazq61,Jeffery Evans,2,Communications,Art History,Media,10+ hours
mgood77,Kathryn Walker,3,Business,Theatre,Media,10+ hours
pjone47,Caleb Goodman,1,Political Science,Anthropology,Social,5-10 hours
mhodg68,Anne Hart MD,4,Computer Science,Environmental Studies,Media,5-10 hours
mgibs45,Deborah Pineda,4,Computer Science,Business,Media,3-5 hours
rharr18,Albert Mendoza,4,Music,Women's Studies,Cultural,3-5 hours
nsmit4,Kevin Cox,1,Mathematics,Data Science,Arts,3-5 hours
jwils10,Erica Thompson,2,Biology,Music,Professional,5-10 hours
sjame81,Maria Flores,1,History,Music,Cultural,10+ hours
apark99,Jacqueline Ford,3,Psychology,Environmental Studies,Social,3-5 hours
jmaso38,Richard Wilkins,2,English,Statistics,Academic,1-3 hours
mdavi32,Edward Tate,2,Music,Women's Studies,Cultural,5-10 hours
fdela13,David Frazier,4,Economics,Theatre,Social,3-5 hours
awill50,Jasmine Roy,3,Political Science,Neuroscience,Technical,10+ hours
kboyl42,Donald Jones,4,Biology,Statistics,Arts,1-3 hours
arodr63,Kyle Contreras,3,Mathematics,Neuroscience,Arts,5-10 hours
kcarl40,Amanda Villa,3,Chemistry,Spanish,Professional,3-5 hours
dlope85,Miranda Proctor,4,Music,Spanish,Arts,5-10 hours
amill45,Manuel Peterson,2,Chemistry,Environmental Studies,Social,3-5 hours
sbren10,Amber Sandoval,2,Computer Science,Statistics,Technical,3-5 hours
aowen78,Rhonda Taylor,1,Political Science,Journalism,Social,5-10 hours
tbake89,David Williams Jr.,2,Biology,Statistics,Cultural,10+ hours
tnich11,Lori Davis,1,Physics,Women's Studies,Media,1-3 hours
cluna18,Shane Newman PhD,3,Communications,Journalism,Cultural,3-5 hours
kdura44,Kathleen Powell,1,Economics,Philosophy,Arts,5-10 hours
mpier68,Hannah Little,3,Computer Science,Theatre,Social,3-5 hours
breye64,Kristen Tran,3,Art,Anthropology,Social,10+ hours
pmerr68,Jacqueline Pena,3,Physics,Spanish,Media,3-5 hours
dherr43,Jennifer Johnson,1,Mathematics,Music,Technical,1-3 hours
cmcmi24,Nancy Bailey,4,Chemistry,Sociology,Arts,1-3 hours
bdunn89,Mitchell Perez,1,Communications,Women's Studies,Professional,3-5 hours
asmit98,Heather Reynolds,4,Art,Anthropology,Professional,3-5 hours
jpear99,Danny Smith,1,Mathematics,Theatre,Social,3-5 hours
jpere75,Kelly Rodriguez,2,Biology,Philosophy,Media,10+ hours
jyoun70,Allen Bernard,1,Business,Sociology,Cultural,1-3 hours
msull39,Christine Hill,4,Music,Spanish,Technical,5-10 hours
chayn32,Jennifer Delacruz,2,Political Science,Sociology,Technical,10+ hours
rcont25,Kimberly Sawyer,1,Music,Linguistics,Social,5-10 hours
mcerv97,Brenda Patterson,2,Music,Music,Professional,10+ hours
tblac35,Maria Cortez,4,Computer Science,Statistics,Arts,3-5 hours
delli88,Carolyn West,2,Biology,Philosophy,Social,5-10 hours
magui32,Daniel Mckenzie,1,Art,Theatre,Professional,10+ hours
dsmit24,Joseph Stein,3,Mathematics,Environmental Studies,Professional,3-5 hours
kthom3,Victoria Shepherd,2,Computer Science,Linguistics,Academic,3-5 hours
aturn78,Kristen Baker,4,Computer Science,Philosophy,Academic,10+ hours
kfull41,Patrick Fleming,4,Biology,Music,Professional,5-10 hours
ljone65,Kara Bell,2,Art,Anthropology,Social,3-5 hours
sdalt51,Joe Cook,3,History,Journalism,Professional,10+ hours
cwatk41,Mr. Ricardo Martin,1,Computer Science,Environmental Studies,Technical,3-5 hours
joliv22,Rachel Barrera,1,History,Women's Studies,Media,5-10 hours
lhill91,Cheryl Hutchinson,3,Computer Science,Journalism,Technical,3-5 hours
sbrow72,Stacey Curry,1,Political Science,Linguistics,Media,5-10 hours
cyoun49,Sandra Ballard,1,Mathematics,Sociology,Social,3-5 hours
hyoun30,Timothy Alexander,2,Mathematics,Music,Social,5-10 hours
vspen61,Kelly Henry,4,History,Linguistics,Professional,3-5 hours
twils78,Raymond Jennings,1,Chemistry,Business,Media,3-5 hours
cstev27,Perry White,3,Political Science,Statistics,Professional,1-3 hours
kcamp24,Kristen Townsend,4,Psychology,Data Science,Academic,5-10 hours
ajeff19,Jennifer Fisher,4,History,Philosophy,Academic,5-10 hours
pproc85,Spencer Green,1,Music,Sociology,Media,3-5 hours
showa39,Nancy Webb,1,Political Science,Spanish,Academic,5-10 hours
fholt33,Robert Conway,4,Communications,Data Science,Professional,10+ hours
ccraw81,Christopher Fox,3,Psychology,Environmental Studies,Technical,3-5 hours
mscot15,Tonya Diaz,3,Music,Environmental Studies,Technical,5-10 hours
abenn87,Andre Perkins,4,Psychology,Music,Professional,5-10 hours
estev98,Deanna Taylor,3,Art,Data Science,Media,1-3 hours
jjohn79,Kevin Smith,2,Mathematics,Journalism,Social,5-10 hours
plowe57,Aaron Hensley,4,Political Science,Data Science,Media,1-3 hours
ssmit79,Gail Williamson,2,Business,Anthropology,Cultural,3-5 hours
abish49,David Williams,1,Mathematics,Spanish,Technical,3-5 hours
myork92,Dana Lynch,4,Communications,Journalism,Arts,3-5 hours
awood11,Amy Simmons,2,Communications,Business,Academic,5-10 hours
mbrad33,Joseph Brennan DVM,4,Psychology,Linguistics,Academic,5-10 hours
kbaue94,Stephanie Harris,3,Political Science,Philosophy,Social,3-5 hours
jkais88,Manuel Walker,3,Engineering,Business,Academic,1-3 hours
chart48,Natalie Williams,2,Computer Science,Theatre,Social,1-3 hours
msmit13,Carol Berg,2,Business,Women's Studies,Academic,3-5 hours
matki9,Jerry Wallace,1,Chemistry,Art History,Arts,5-10 hours
dlope52,Mark Delgado,4,Music,Linguistics,Arts,3-5 hours
mjenk85,Christopher Matthews,2,Economics,Theatre,Media,1-3 hours
falle84,Yvette Wood,3,Art,Neuroscience,Arts,10+ hours
cnorr9,Jason Solis,4,Physics,Spanish,Academic,1-3 hours
mtayl44,Curtis Martinez,4,Computer Science,Sociology,Social,3-5 hours
aflor27,Kevin Moore,4,Economics,Neuroscience,Professional,10+ hours
dlewi79,Maria Schwartz,1,Communications,Data Science,Technical,10+ hours
gmalo84,Michelle White,1,English,Journalism,Arts,1-3 hours
jpace96,Brooke Smith,1,Communications,Spanish,Media,5-10 hours
cchan11,Stacey Cain,4,Chemistry,Women's Studies,Academic,3-5 hours
rcart68,Jessica Reed,1,Mathematics,Art History,Media,5-10 hours
jkirk6,Michael Simon,1,Psychology,Theatre,Arts,3-5 hours
dcook30,Shane Miller,2,History,Journalism,Academic,3-5 hours
mmora18,Wendy James,2,Chemistry,Statistics,Technical,1-3 hours
hhamp69,Carl Smith,4,Business,Theatre,Technical,10+ hours
cmitc34,Amy Williams,4,Business,Theatre,Professional,5-10 hours
dgray26,James Moyer,4,Business,Journalism,Academic,3-5 hours
awrig20,Jessica Smith,4,English,Spanish,Arts,10+ hours
cgilb1,Amber Wiggins,4,Political Science,Neuroscience,Arts,1-3 hours
lmart89,Paula Cross,4,Art,Philosophy,Cultural,10+ hours
sjohn16,Jeff Barnett,2,Biology,Journalism,Cultural,10+ hours
salle6,Mr. Calvin Johnson,2,English,Anthropology,Media,1-3 hours
jcald34,Heather Moore,1,Computer Science,Neuroscience,Media,10+ hours
iedwa61,Rachel Rodriguez,2,Mathematics,Journalism,Cultural,5-10 hours
rstan22,Christopher Salas,1,Mathematics,Sociology,Arts,10+ hours
chigg30,Gary Doyle,1,Chemistry,Sociology,Arts,3-5 hours
lgarc38,Mary Smith,2,English,Theatre,Technical,3-5 hours
kwint13,Robert Tate,4,Music,Statistics,Technical,3-5 hours
gfull68,Jessica Mccarty,2,Engineering,Women's Studies,Media,1-3 hours
jcraw73,Jesse Stewart,2,Communications,Journalism,Arts,5-10 hours
dyoun13,Kayla Fox,4,Communications,Data Science,Cultural,5-10 hours
ksnyd75,Amy Tran,4,Mathematics,Anthropology,Academic,1-3 hours
sglas45,Dawn Martinez,1,Chemistry,Statistics,Social,10+ hours
abenn29,Norman Chan,1,Computer Science,Sociology,Arts,10+ hours
mmuel52,Rachel Riley,2,Political Science,Art History,Cultural,5-10 hours
rjack47,Eileen Torres,3,Biology,Anthropology,Arts,5-10 hours
afran34,Joseph Huffman DDS,1,Biology,Statistics,Social,10+ hours
nhend97,Jacob Weber,3,Computer Science,Sociology,Arts,3-5 hours
kgibs29,Tony Miller,1,Engineering,Neuroscience,Cultural,3-5 hours
cwyat85,Susan Davis,4,Chemistry,Linguistics,Academic,3-5 hours
jlyon25,Michael Long,2,Physics,Neuroscience,Academic,5-10 hours
kbrad63,Megan Christensen,4,Biology,Art History,Professional,3-5 hours
jsull59,Patty Peterson,3,Biology,Linguistics,Cultural,10+ hours
jmora37,Carmen Rodriguez,3,Psychology,Theatre,Social,1-3 hours
rwils52,Erica Jackson,1,Music,Linguistics,Academic,1-3 hours
nwalt49,Zachary Lee,3,History,Statistics,Professional,1-3 hours
jfran14,Randy Yu,4,English,Sociology,Technical,3-5 hours
astew41,Sandra Blankenship MD,2,Engineering,Philosophy,Cultural,5-10 hours
ddavi94,Gregory Hernandez,2,Business,Business,Professional,10+ hours
rbens75,Ellen Martin,1,Engineering,Environmental Studies,Media,10+ hours
adors65,Andrew Simmons,3,Physics,Philosophy,Media,3-5 hours
amart5,Michael Cherry,2,Computer Science,Environmental Studies,Arts,1-3 hours
rbrow76,Beth Higgins,3,Computer Science,Linguistics,Academic,1-3 hours
dcher99,Laurie Garcia,2,Business,Art History,Social,10+ hours
scurr84,Vanessa Newton,2,English,Statistics,Academic,3-5 hours
cboyd45,James Conway,3,Art,Women's Studies,Cultural,1-3 hours
mrami91,Kristina Jones,1,Economics,Sociology,Media,1-3 hours
smcco98,Stephen French,4,Communications,Environmental Studies,Academic,3-5 hours
cturn40,Andrea Fowler,3,Art,Neuroscience,Media,5-10 hours
ttuck68,Christopher Hall,2,Biology,Art History,Academic,1-3 hours
dsmit34,Lisa Morrison,2,Economics,Data Science,Academic,1-3 hours
cpadi11,Todd Johnson,3,Physics,Linguistics,Professional,10+ hours
ajame13,Miss Jennifer Paul MD,3,Business,Art History,Cultural,1-3 hours
bbeas11,David Jones,4,Physics,Theatre,Media,1-3 hours
cmcca58,Anne Jones,4,Political Science,Neuroscience,Social,5-10 hours
slowe99,Robert Peck,3,Computer Science,Linguistics,Arts,10+ hours
bespi36,Dean Thompson,2,Physics,Theatre,Social,10+ hours
jcoll2,Oscar Briggs,1,Mathematics,Journalism,Social,10+ hours
rsmit79,Nicole Thomas,3,Mathematics,Business,Professional,10+ hours
lcalh43,Robert Harmon,4,Art,Music,Academic,10+ hours
swest49,Sarah Barnes,2,Political Science,Art History,Cultural,10+ hours
jroge41,Anthony Perez,1,Engineering,Art History,Media,5-10 hours
bmorr55,Natalie Gonzalez,2,Computer Science,Data Science,Social,1-3 hours
cston74,Tanya Martinez,1,Economics,Women's Studies,Technical,1-3 hours
mgay68,Anthony Ortiz,3,Biology,Anthropology,Professional,3-5 hours
caust68,Jason Ingram,4,Political Science,Sociology,Technical,1-3 hours
amull94,Sandra Hill,2,Chemistry,Philosophy,Cultural,3-5 hours
agarz31,Joseph Smith,4,Business,Theatre,Media,10+ hours
kcham87,Willie Anderson,2,Mathematics,Art History,Academic,5-10 hours
rchan64,Donna Perkins,3,Political Science,Philosophy,Academic,5-10 hours
salva97,Matthew Roberts,1,Computer Science,Neuroscience,Academic,3-5 hours
hgood96,Stephanie Ayala,4,Psychology,Music,Social,10+ hours
djone62,Jorge Daniels,1,Political Science,Sociology,Technical,10+ hours
hbarn4,Tamara Barnes,1,Business,Linguistics,Cultural,5-10 hours
amata79,Debra Craig,3,Psychology,Sociology,Cultural,3-5 hours
breed49,Allison Kim,3,Art,Women's Studies,Cultural,5-10 hours
ronea82,Lori Foster,4,Political Science,Spanish,Academic,10+ hours
bmatt6,Samantha Sanchez,1,Biology,Journalism,Professional,5-10 hours
kfran28,Elizabeth Sullivan,4,Biology,Statistics,Technical,5-10 hours
jkell31,Jeffrey Duran,3,Biology,Spanish,Social,1-3 hours
rshaw25,Gabriella Davis,1,Communications,Linguistics,Media,10+ hours
bgate63,Daniel Perez,3,Art,Journalism,Arts,3-5 hours
abake96,Michelle Long,1,Political Science,Art History,Academic,3-5 hours
vhull30,Heather Webb,1,Economics,Business,Academic,3-5 hours
gpere55,Megan Mcguire,4,History,Neuroscience,Academic,3-5 hours
mjone39,Daniel Pearson,4,Chemistry,Art History,Social,10+ hours
njime97,Lauren Medina,2,Psychology,Data Science,Social,10+ hours
mbrow71,Guy Grant,4,Psychology,Art History,Media,1-3 hours
msmit5,Matthew Banks,1,Communications,Sociology,Cultural,1-3 hours
rvill12,Jacob Rowe,3,Psychology,Women's Studies,Technical,1-3 hours
jbren74,Sean Barber,3,History,Business,Arts,10+ hours
jtayl79,Michael Coleman,4,Physics,Art History,Cultural,5-10 hours
zwill47,Stanley Rogers,4,Computer Science,Linguistics,Technical,5-10 hours
mluna66,Fernando Fernandez,1,Economics,Business,Media,10+ hours
jgill78,Leslie Jones,1,Economics,Music,Academic,1-3 hours
jhuff50,Mary Lawrence,4,Chemistry,Music,Arts,10+ hours
akenn91,Holly Gardner,4,Biology,Data Science,Professional,5-10 hours
sryan93,Noah Mays,1,Chemistry,Theatre,Professional,3-5 hours
ledwa13,Tammy Gomez,2,Business,Neuroscience,Arts,1-3 hours
bagui76,Kathryn Ramirez,2,Political Science,Journalism,Cultural,3-5 hours
ldalt45,Anna George,3,Physics,Women's Studies,Media,1-3 hours
walli76,Eric Weber,2,Chemistry,Business,Social,10+ hours
lgarc49,Cheyenne Rodriguez,4,Business,Art History,Arts,1-3 hours
sbarn84,Kristin Ibarra,1,Economics,Data Science,Cultural,1-3 hours
aflor62,Chris Lambert,1,Music,Journalism,Media,10+ hours
acruz59,Allen Avery,2,Art,Neuroscience,Arts,10+ hours
ereed53,Brenda Sawyer,2,Biology,Spanish,Professional,10+ hours
jmyer66,Catherine Grant,4,Economics,Environmental Studies,Technical,1-3 hours
plope1,Chloe Gill,3,Psychology,Environmental Studies,Academic,1-3 hours
ralle57,Sydney Nelson,1,Chemistry,Sociology,Technical,5-10 hours
ereid79,Guy Daniels,2,Mathematics,Neuroscience,Media,3-5 hours
mferg11,Robert Sosa,4,Business,Environmental Studies,Media,1-3 hours
chane72,Laura Bowers,3,Engineering,Sociology,Professional,1-3 hours
mharr13,Laura Johnson,4,Chemistry,Sociology,Arts,1-3 hours
showa70,Margaret Morris,2,English,Environmental Studies,Media,5-10 hours
lsmit24,Ashley Campbell,4,Computer Science,Art History,Academic,10+ hours
scole76,Kathryn Murphy,2,Economics,Statistics,Social,5-10 hours
kdavi19,Destiny Jones,1,Physics,Journalism,Academic,5-10 hours
tmedi20,Richard Cooper,2,Mathematics,Anthropology,Media,3-5 hours
kvarg9,Joseph Ortiz,1,Computer Science,Women's Studies,Academic,5-10 hours
lhern98,Michelle Walker MD,2,Economics,Anthropology,Technical,10+ hours
cfran30,Mary Murillo,2,English,Journalism,Media,3-5 hours
wschm95,Julie Novak,2,Economics,Sociology,Technical,1-3 hours
slaws4,James Turner,3,Psychology,Linguistics,Professional,10+ hours
rperr45,Allen Miller,1,Biology,Art History,Media,3-5 hours
rrowe35,Jennifer Wu MD,4,Psychology,Art History,Media,5-10 hours
apars87,James Jones,1,Music,Music,Academic,5-10 hours
jhill75,Adam Cruz,2,English,Music,Social,10+ hours
acast87,Adam King,4,Music,Sociology,Cultural,1-3 hours
swalk30,David Smith,1,Mathematics,Business,Cultural,1-3 hours
pgarc76,Jamie Hanna,1,Computer Science,Data Science,Technical,5-10 hours
abond37,Cathy Lin,3,Business,Journalism,Social,1-3 hours
dguer97,Jonathan Jenkins,2,Computer Science,Statistics,Academic,5-10 hours
smoon23,Melanie Jensen,3,Chemistry,Data Science,Cultural,10+ hours
jclay36,Karla Jackson,2,Business,Business,Academic,3-5 hours
dpric59,Ashley Griffin,1,Political Science,Journalism,Academic,10+ hours
vruiz14,Tyler Clayton,1,English,Spanish,Cultural,10+ hours
kbate24,Carol Franco,4,Biology,Women's Studies,Social,10+ hours
hwilk35,Miranda Smith,2,Computer Science,Spanish,Technical,5-10 hours
jpowe39,Bruce Baker,4,Engineering,Linguistics,Media,3-5 hours
smill17,Victoria Green,3,Business,Spanish,Cultural,10+ hours
mramo47,Kristi Bowen,1,Art,Business,Social,10+ hours
charr57,Nicole Mcbride,4,English,Philosophy,Professional,10+ hours
kneal14,Cheryl Villarreal,1,Physics,Women's Studies,Cultural,5-10 hours
twils88,Cassandra Thomas,1,Chemistry,Music,Arts,5-10 hours
chill41,Kimberly Clark MD,2,Computer Science,Anthropology,Technical,1-3 hours
jloga51,Lisa Meadows,3,Engineering,Women's Studies,Media,1-3 hours
kcruz94,Mr. Kenneth Simpson PhD,4,Mathematics,Women's Studies,Social,10+ hours
aport80,Justin Romero,2,Business,Women's Studies,Media,5-10 hours
sleon66,Zachary Sanders,2,Business,Art History,Arts,3-5 hours
kphil32,Robert Simmons,4,Mathematics,Journalism,Technical,5-10 hours
dmcle20,Sherri Page,2,Business,Journalism,Social,10+ hours
amay8,Maria Dunlap,3,Communications,Theatre,Media,1-3 hours
tmccl34,Devin Ramsey,2,Art,Sociology,Technical,10+ hours
nburn90,Mr. Justin Fleming MD,1,English,Environmental Studies,Academic,10+ hours
kbell28,Teresa Tucker,2,Computer Science,Business,Technical,5-10 hours
cmcdo28,Jose Johnson,2,Communications,Philosophy,Academic,3-5 hours
svela34,Sheila Zamora,4,History,Women's Studies,Academic,1-3 hours
rvaug32,Christopher Dawson,2,Psychology,Philosophy,Media,1-3 hours
zford53,Paula Lee,2,Art,Business,Arts,3-5 hours
jphil92,Peter Schmidt,3,Mathematics,Neuroscience,Technical,5-10 hours
drobi81,Wendy Martinez,3,Political Science,Linguistics,Social,3-5 hours
celli12,Sara Robinson,3,Business,Journalism,Professional,3-5 hours
edavi48,Theresa Mills,3,Chemistry,Sociology,Professional,3-5 hours
ejohn17,Faith Perez,3,Communications,Business,Cultural,5-10 hours
jgarc26,Amanda Bailey MD,2,Engineering,Anthropology,Arts,1-3 hours
csawy59,Nicole Bryant,4,History,Business,Social,5-10 hours
jrobi44,Glenn Smith,4,Physics,Environmental Studies,Media,10+ hours
awill51,Jennifer Martinez,4,Psychology,Statistics,Professional,5-10 hours
smoor22,Ronald Evans,3,Art,Environmental Studies,Media,1-3 hours
chowe19,Mary Campbell,4,Chemistry,Sociology,Media,5-10 hours
swood8,Laura Barnes,4,History,Spanish,Cultural,10+ hours
gmart78,Daniel Gutierrez,1,Communications,Data Science,Social,5-10 hours
apitt36,Charles Schultz,2,Computer Science,Business,Technical,10+ hours
jmath9,Amber Castro,3,Mathematics,Linguistics,Technical,1-3 hours
tagui82,Aaron Reyes,3,Physics,Sociology,Cultural,3-5 hours
jnich8,Tracie Mcdonald,2,Mathematics,Anthropology,Social,1-3 hours
aheat37,Brandy Jordan,2,Chemistry,Theatre,Academic,5-10 hours
tgrah78,Wesley Morris,4,Psychology,Anthropology,Professional,3-5 hours
rrich47,Anna West,4,English,Music,Professional,3-5 hours
myoun56,Kathleen Mata,3,Psychology,Art History,Arts,5-10 hours
lgarc99,Lance Ramirez,2,Biology,Data Science,Cultural,10+ hours
shopk36,Scott Wall,3,English,Statistics,Cultural,5-10 hours
rwood90,Carol Lee,2,Psychology,Anthropology,Cultural,5-10 hours
jfrye26,Curtis Guerrero,3,English,Environmental Studies,Professional,1-3 hours
agibs8,Christopher Jensen,4,Psychology,Linguistics,Technical,3-5 hours
trami21,Ashley Macdonald,2,Psychology,Music,Media,3-5 hours
wdean92,Patrick Smith,1,Engineering,Neuroscience,Media,10+ hours
groy84,Seth Miles,1,Music,Data Science,Cultural,5-10 hours
tdunc14,Brandy Wallace,4,Engineering,Linguistics,Technical,3-5 hours
achap87,Crystal Grimes,1,Biology,Theatre,Arts,5-10 hours
lguti51,Penny Freeman,3,Chemistry,Data Science,Professional,1-3 hours
cevan7,Timothy Pierce,4,Psychology,Anthropology,Professional,5-10 hours
edavi62,Christopher Nguyen,4,English,Anthropology,Academic,3-5 hours
dbail34,Roy Stewart,4,Communications,Environmental Studies,Cultural,10+ hours
sstan59,Tracy Walters,3,English,Spanish,Technical,5-10 hours
dmath98,Caroline Reed,3,Psychology,Neuroscience,Arts,3-5 hours
tgarr12,Melissa Rivera,3,Chemistry,Environmental Studies,Media,3-5 hours
swong22,Jennifer Gonzalez,3,Computer Science,Neuroscience,Social,5-10 hours
hharr72,Dawn Wells,4,Economics,Statistics,Professional,3-5 hours
rdean48,Catherine Parker,3,History,Data Science,Cultural,10+ hours
mreed86,Eugene Green,3,Biology,Neuroscience,Technical,3-5 hours
drowe38,Jennifer Norton,3,Music,Statistics,Social,5-10 hours
abenn34,Mary Rogers,1,Psychology,Philosophy,Professional,3-5 hours
lwill55,Aaron Mckay,1,English,Environmental Studies,Media,5-10 hours
jfull17,William Cabrera,1,Business,Philosophy,Professional,3-5 hours
bgonz77,Beth Floyd,2,Psychology,Women's Studies,Technical,3-5 hours
jguti28,Justin Blake,2,Chemistry,Women's Studies,Technical,1-3 hours
twrig1,Nancy Cannon,1,Art,Statistics,Academic,3-5 hours
kherr4,Phillip Franklin,1,Computer Science,Data Science,Media,10+ hours
dmonr2,Pamela Scott,4,Chemistry,Data Science,Arts,10+ hours
nmont85,Peter Curtis,4,Psychology,Women's Studies,Social,1-3 hours
aespa60,Willie Garcia,4,Psychology,Sociology,Professional,1-3 hours
jcole87,Gina Anderson,4,Political Science,Anthropology,Arts,10+ hours
rli53,Lauren Harrison DDS,3,Art,Statistics,Cultural,3-5 hours
cgarc29,Dawn Griffith,3,Physics,Music,Social,5-10 hours
ffish34,Megan Perry,4,Art,Music,Social,3-5 hours
jrobi87,Dean Hill,3,Engineering,Sociology,Professional,3-5 hours
mande1,Kristine Dalton,3,Business,Sociology,Technical,1-3 hours
bnels97,Justin Smith,4,Music,Spanish,Technical,1-3 hours
ksimm84,Kelly Price,1,Music,Linguistics,Social,1-3 hours
hbake96,Billy Bruce,2,Political Science,Neuroscience,Social,1-3 hours
jirwi6,Linda Stanton,4,Mathematics,Women's Studies,Academic,5-10 hours
ssmit84,Ivan Perez,3,Economics,Women's Studies,Social,5-10 hours
cthom88,Briana Hunt,3,English,Art History,Arts,1-3 hours
wgoul50,Mrs. Erin Thompson,1,Communications,Neuroscience,Cultural,3-5 hours
bnels55,Kyle Harvey,3,Chemistry,Women's Studies,Professional,1-3 hours
hferg57,Robert French,2,Art,Neuroscience,Arts,10+ hours
ksali62,Dillon Hernandez,2,Biology,Women's Studies,Professional,3-5 hours
jmeza74,Adrienne Clark,1,Art,Spanish,Social,3-5 hours
ejone4,Jordan Clayton,1,Chemistry,Data Science,Technical,10+ hours
jwhit57,Mary Santos,3,Engineering,Sociology,Arts,1-3 hours
sdavi32,Jennifer Ashley,2,Economics,Anthropology,Media,1-3 hours
mcarr83,Sean Whitaker,2,Mathematics,Spanish,Professional,10+ hours
csmit39,Sarah Hicks,2,Music,Women's Studies,Cultural,3-5 hours
rwang20,Erin Francis,1,Psychology,Statistics,Cultural,1-3 hours
rjone8,James Medina,3,English,Environmental Studies,Academic,5-10 hours
jhard84,Patrick Matthews,2,Political Science,Art History,Cultural,3-5 hours
dmurp98,Elizabeth Perez,4,Mathematics,Anthropology,Arts,5-10 hours
rjohn66,Allen Vasquez,1,Computer Science,Women's Studies,Media,10+ hours
dmoor11,Jennifer Wright,1,Psychology,Sociology,Media,5-10 hours
dherr21,Thomas Mckinney,1,Business,Women's Studies,Media,3-5 hours
slyon7,Matthew Lutz,1,English,Data Science,Professional,3-5 hours
bmuel11,Raymond Brown,1,Chemistry,Music,Media,10+ hours
dwill36,Michelle Richardson,2,Business,Women's Studies,Technical,10+ hours
bwils27,David Payne,1,Psychology,Linguistics,Media,3-5 hours
gdavi6,April Waller,4,English,Linguistics,Technical,3-5 hours
mpete25,Felicia Garcia,3,Mathematics,Spanish,Media,1-3 hours
cande28,Sarah Munoz,2,Engineering,Statistics,Cultural,5-10 hours
tsull35,Susan Meadows,4,Art,Journalism,Professional,3-5 hours
mstev36,Jeremy Mclaughlin,3,Political Science,Music,Social,10+ hours
jbrow94,David Ortiz,2,Music,Data Science,Social,5-10 hours
amcph30,Jerry Graves,3,Physics,Music,Professional,3-5 hours
jsant79,Mrs. Emily Chapman,4,Communications,Sociology,Cultural,1-3 hours
tshar29,Susan Bernard,3,Economics,Journalism,Technical,5-10 hours
mchri8,Ann Myers,4,Psychology,Art History,Technical,3-5 hours
sthom55,Ryan Martin,3,Business,Statistics,Technical,3-5 hours
dstew74,Autumn Hill,3,Chemistry,Environmental Studies,Professional,3-5 hours
bhowe35,Jennifer Pratt,3,Engineering,Data Science,Cultural,5-10 hours
njohn59,Evelyn Baker,1,Art,Environmental Studies,Social,5-10 hours
bmart6,Carlos Graves,3,History,Spanish,Technical,10+ hours
estew56,Ana Davies,3,Engineering,Music,Media,10+ hours
jpugh36,Samantha Baldwin,3,Communications,Linguistics,Technical,10+ hours
